1300,0,11.0.0.6,11.0.0.16
1300,1,11.0.0.6,11.0.0.16
1300,1,11.0.0.6,11.0.0.16
1300,1,11.0.0.6,11.0.0.16
1300,2,11.0.0.6,11.0.0.15
1300,3,11.0.0.6,11.0.0.16
1300,3,11.0.0.6,11.0.0.16
1300,3,11.0.0.6,11.0.0.16
1300,5,11.0.0.6,11.0.0.16
1300,5,11.0.0.6,11.0.0.16
1300,6,11.0.0.6,11.0.0.15
1300,7,11.0.0.6,11.0.0.15
1300,7,11.0.0.6,11.0.0.15
1300,7,11.0.0.6,11.0.0.15
1300,11,11.0.0.6,11.0.0.15
1300,11,11.0.0.6,11.0.0.15
1300,11,11.0.0.6,11.0.0.15
1300,14,11.0.0.6,11.0.0.16
1300,14,11.0.0.6,11.0.0.16
1300,15,11.0.0.6,11.0.0.16
1300,16,11.0.0.6,11.0.0.23
1300,16,11.0.0.6,11.0.0.23
1300,20,11.0.0.6,11.0.0.3
1300,20,11.0.0.6,11.0.0.3
1300,20,11.0.0.6,11.0.0.3
1300,22,11.0.0.6,11.0.0.23
1300,22,11.0.0.6,11.0.0.23
1300,28,11.0.0.6,11.0.0.16
1300,28,11.0.0.6,11.0.0.16
1300,30,11.0.0.6,11.0.0.15
1300,33,11.0.0.6,11.0.0.15
1300,33,11.0.0.6,11.0.0.15
1300,34,11.0.0.6,11.0.0.16
1300,34,11.0.0.6,11.0.0.16
1300,34,11.0.0.6,11.0.0.16
1300,38,11.0.0.6,11.0.0.3
1300,38,11.0.0.6,11.0.0.3
1300,38,11.0.0.6,11.0.0.3
1300,41,11.0.0.6,11.0.0.16
1300,41,11.0.0.6,11.0.0.16
1300,42,11.0.0.6,11.0.0.16
1300,42,11.0.0.6,11.0.0.16
1300,43,11.0.0.6,11.0.0.3
1300,43,11.0.0.6,11.0.0.3
1300,45,11.0.0.6,11.0.0.23
1300,46,11.0.0.6,11.0.0.23
1300,46,11.0.0.6,11.0.0.23
1300,46,11.0.0.6,11.0.0.23
1300,47,11.0.0.6,11.0.0.23
1300,47,11.0.0.6,11.0.0.23
1300,50,11.0.0.6,11.0.0.3
1300,53,11.0.0.6,11.0.0.15
1300,53,11.0.0.6,11.0.0.15
1300,53,11.0.0.6,11.0.0.15
1300,54,11.0.0.6,11.0.0.3
1300,54,11.0.0.6,11.0.0.3
1300,55,11.0.0.6,11.0.0.16
1300,55,11.0.0.6,11.0.0.16
1300,55,11.0.0.6,11.0.0.16
1300,56,11.0.0.6,11.0.0.23
1300,56,11.0.0.6,11.0.0.23
1300,59,11.0.0.6,11.0.0.23
1300,59,11.0.0.6,11.0.0.23
1300,61,11.0.0.6,11.0.0.23
1300,62,11.0.0.6,11.0.0.16
1300,62,11.0.0.6,11.0.0.16
1300,63,11.0.0.6,11.0.0.3
1300,64,11.0.0.6,11.0.0.16
1300,64,11.0.0.6,11.0.0.16
1300,67,11.0.0.6,11.0.0.16
1300,71,11.0.0.6,11.0.0.16
1300,71,11.0.0.6,11.0.0.16
1300,73,11.0.0.6,11.0.0.15
1300,73,11.0.0.6,11.0.0.15
1300,74,11.0.0.6,11.0.0.3
1300,74,11.0.0.6,11.0.0.3
1300,76,11.0.0.6,11.0.0.15
1300,76,11.0.0.6,11.0.0.15
1300,76,11.0.0.6,11.0.0.15
1300,77,11.0.0.6,11.0.0.3
1300,78,11.0.0.6,11.0.0.15
1300,78,11.0.0.6,11.0.0.15
1300,80,11.0.0.6,11.0.0.23
1300,80,11.0.0.6,11.0.0.23
1300,80,11.0.0.6,11.0.0.23
1300,82,11.0.0.6,11.0.0.23
1300,82,11.0.0.6,11.0.0.23
1300,83,11.0.0.6,11.0.0.23
1300,83,11.0.0.6,11.0.0.23
1300,83,11.0.0.6,11.0.0.23
1300,85,11.0.0.6,11.0.0.15
1300,85,11.0.0.6,11.0.0.15
1300,86,11.0.0.6,11.0.0.15
1300,86,11.0.0.6,11.0.0.15
1300,87,11.0.0.6,11.0.0.23
1300,87,11.0.0.6,11.0.0.23
1300,87,11.0.0.6,11.0.0.23
1300,89,11.0.0.6,11.0.0.16
1300,89,11.0.0.6,11.0.0.16
1300,91,11.0.0.6,11.0.0.15
1300,93,11.0.0.6,11.0.0.15
1300,93,11.0.0.6,11.0.0.15
1300,95,11.0.0.6,11.0.0.15
1300,95,11.0.0.6,11.0.0.15
1300,96,11.0.0.6,11.0.0.3
1300,96,11.0.0.6,11.0.0.3
1300,97,11.0.0.6,11.0.0.15
1300,97,11.0.0.6,11.0.0.15
1300,99,11.0.0.6,11.0.0.3
1300,99,11.0.0.6,11.0.0.3
1300,100,11.0.0.6,11.0.0.16
1300,100,11.0.0.6,11.0.0.16
1300,102,11.0.0.6,11.0.0.15
1300,105,11.0.0.6,11.0.0.3
1300,105,11.0.0.6,11.0.0.3
1300,105,11.0.0.6,11.0.0.3
1300,106,11.0.0.6,11.0.0.3
1300,106,11.0.0.6,11.0.0.3
1300,107,11.0.0.6,11.0.0.3
1300,107,11.0.0.6,11.0.0.3
1300,112,11.0.0.6,11.0.0.23
1300,114,11.0.0.6,11.0.0.15
1300,114,11.0.0.6,11.0.0.15
1300,114,11.0.0.6,11.0.0.15
1300,115,11.0.0.6,11.0.0.3
1300,118,11.0.0.6,11.0.0.15
1300,118,11.0.0.6,11.0.0.15
1300,119,11.0.0.6,11.0.0.15
1300,119,11.0.0.6,11.0.0.15
1300,120,11.0.0.6,11.0.0.16
1300,121,11.0.0.6,11.0.0.23
1300,122,11.0.0.6,11.0.0.15
1300,122,11.0.0.6,11.0.0.15
1300,123,11.0.0.6,11.0.0.3
1300,123,11.0.0.6,11.0.0.3
1300,124,11.0.0.6,11.0.0.16
1300,124,11.0.0.6,11.0.0.16
1300,124,11.0.0.6,11.0.0.16
1300,125,11.0.0.6,11.0.0.23
1300,125,11.0.0.6,11.0.0.23
1300,128,11.0.0.6,11.0.0.23
1300,128,11.0.0.6,11.0.0.23
1300,128,11.0.0.6,11.0.0.23
1300,133,11.0.0.6,11.0.0.15
1300,133,11.0.0.6,11.0.0.15
1300,134,11.0.0.6,11.0.0.15
1300,134,11.0.0.6,11.0.0.15
1300,138,11.0.0.6,11.0.0.3
1300,138,11.0.0.6,11.0.0.3
1300,141,11.0.0.6,11.0.0.16
1300,143,11.0.0.6,11.0.0.15
1300,144,11.0.0.6,11.0.0.15
1300,144,11.0.0.6,11.0.0.15
1300,144,11.0.0.6,11.0.0.15
1300,146,11.0.0.6,11.0.0.15
1300,148,11.0.0.6,11.0.0.15
1300,148,11.0.0.6,11.0.0.15
1300,149,11.0.0.6,11.0.0.15
1300,152,11.0.0.6,11.0.0.3
1300,152,11.0.0.6,11.0.0.3
1300,155,11.0.0.6,11.0.0.15
1300,155,11.0.0.6,11.0.0.15
1300,155,11.0.0.6,11.0.0.15
1300,157,11.0.0.6,11.0.0.15
1300,157,11.0.0.6,11.0.0.15
1300,157,11.0.0.6,11.0.0.15
1300,160,11.0.0.6,11.0.0.15
1300,161,11.0.0.6,11.0.0.3
1300,161,11.0.0.6,11.0.0.3
1300,161,11.0.0.6,11.0.0.3
1300,162,11.0.0.6,11.0.0.15
1300,162,11.0.0.6,11.0.0.15
1300,167,11.0.0.6,11.0.0.15
1300,168,11.0.0.6,11.0.0.16
1300,168,11.0.0.6,11.0.0.16
1300,169,11.0.0.6,11.0.0.16
1300,169,11.0.0.6,11.0.0.16
1300,170,11.0.0.6,11.0.0.15
1300,170,11.0.0.6,11.0.0.15
1300,170,11.0.0.6,11.0.0.15
1300,172,11.0.0.6,11.0.0.16
1300,176,11.0.0.6,11.0.0.3
1300,176,11.0.0.6,11.0.0.3
1300,176,11.0.0.6,11.0.0.3
1300,177,11.0.0.6,11.0.0.3
1300,177,11.0.0.6,11.0.0.3
1300,177,11.0.0.6,11.0.0.3
1300,178,11.0.0.6,11.0.0.23
1300,178,11.0.0.6,11.0.0.23
1300,179,11.0.0.6,11.0.0.16
1300,179,11.0.0.6,11.0.0.16
1300,179,11.0.0.6,11.0.0.16
1300,182,11.0.0.6,11.0.0.3
1300,182,11.0.0.6,11.0.0.3
1300,183,11.0.0.6,11.0.0.16
1300,183,11.0.0.6,11.0.0.16
1300,183,11.0.0.6,11.0.0.16
1300,186,11.0.0.6,11.0.0.3
1300,187,11.0.0.6,11.0.0.23
1300,187,11.0.0.6,11.0.0.23
1300,187,11.0.0.6,11.0.0.23
1300,189,11.0.0.6,11.0.0.16
1300,189,11.0.0.6,11.0.0.16
1300,197,11.0.0.6,11.0.0.23
1300,197,11.0.0.6,11.0.0.23
1300,199,11.0.0.6,11.0.0.3
1300,199,11.0.0.6,11.0.0.3
1300,200,11.0.0.6,11.0.0.3
1300,200,11.0.0.6,11.0.0.3
1300,202,11.0.0.6,11.0.0.23
1300,202,11.0.0.6,11.0.0.23
1300,202,11.0.0.6,11.0.0.23
1300,203,11.0.0.6,11.0.0.15
1300,203,11.0.0.6,11.0.0.15
1300,203,11.0.0.6,11.0.0.15
1300,204,11.0.0.6,11.0.0.16
1300,204,11.0.0.6,11.0.0.16
1300,205,11.0.0.6,11.0.0.3
1300,206,11.0.0.6,11.0.0.23
1300,207,11.0.0.6,11.0.0.23
1300,208,11.0.0.6,11.0.0.23
1300,208,11.0.0.6,11.0.0.23
1300,208,11.0.0.6,11.0.0.23
1300,212,11.0.0.6,11.0.0.16
1300,212,11.0.0.6,11.0.0.16
1300,212,11.0.0.6,11.0.0.16
1300,213,11.0.0.6,11.0.0.23
1300,213,11.0.0.6,11.0.0.23
1300,215,11.0.0.6,11.0.0.16
1300,215,11.0.0.6,11.0.0.16
1300,215,11.0.0.6,11.0.0.16
1300,217,11.0.0.6,11.0.0.23
1300,217,11.0.0.6,11.0.0.23
1300,217,11.0.0.6,11.0.0.23
1300,219,11.0.0.6,11.0.0.3
1300,219,11.0.0.6,11.0.0.3
1300,220,11.0.0.6,11.0.0.23
1300,220,11.0.0.6,11.0.0.23
1300,220,11.0.0.6,11.0.0.23
1300,222,11.0.0.6,11.0.0.3
1300,222,11.0.0.6,11.0.0.3
1300,224,11.0.0.6,11.0.0.3
1300,224,11.0.0.6,11.0.0.3
1300,225,11.0.0.6,11.0.0.3
1300,225,11.0.0.6,11.0.0.3
1300,227,11.0.0.6,11.0.0.3
1300,227,11.0.0.6,11.0.0.3
1300,227,11.0.0.6,11.0.0.3
1300,229,11.0.0.6,11.0.0.23
1300,232,11.0.0.6,11.0.0.23
1300,232,11.0.0.6,11.0.0.23
1300,236,11.0.0.6,11.0.0.15
1300,236,11.0.0.6,11.0.0.15
1300,236,11.0.0.6,11.0.0.15
1300,237,11.0.0.6,11.0.0.23
1300,237,11.0.0.6,11.0.0.23
1300,237,11.0.0.6,11.0.0.23
1300,238,11.0.0.6,11.0.0.23
1300,238,11.0.0.6,11.0.0.23
1300,239,11.0.0.6,11.0.0.16
1300,239,11.0.0.6,11.0.0.16
1300,240,11.0.0.6,11.0.0.16
1300,240,11.0.0.6,11.0.0.16
1300,241,11.0.0.6,11.0.0.23
1300,241,11.0.0.6,11.0.0.23
1300,242,11.0.0.6,11.0.0.16
1300,242,11.0.0.6,11.0.0.16
1300,242,11.0.0.6,11.0.0.16
1300,244,11.0.0.6,11.0.0.3
1300,244,11.0.0.6,11.0.0.3
1300,244,11.0.0.6,11.0.0.3
1300,246,11.0.0.6,11.0.0.23
1300,246,11.0.0.6,11.0.0.23
1300,246,11.0.0.6,11.0.0.23
1300,248,11.0.0.6,11.0.0.16
1300,251,11.0.0.6,11.0.0.3
1300,253,11.0.0.6,11.0.0.23
1300,253,11.0.0.6,11.0.0.23
1300,253,11.0.0.6,11.0.0.23
1300,258,11.0.0.6,11.0.0.15
1300,258,11.0.0.6,11.0.0.15
1300,258,11.0.0.6,11.0.0.15
1300,259,11.0.0.6,11.0.0.16
1300,259,11.0.0.6,11.0.0.16
1300,259,11.0.0.6,11.0.0.16
1300,265,11.0.0.6,11.0.0.23
1300,267,11.0.0.6,11.0.0.23
1300,267,11.0.0.6,11.0.0.23
1300,269,11.0.0.6,11.0.0.23
1300,271,11.0.0.6,11.0.0.23
1300,271,11.0.0.6,11.0.0.23
1300,273,11.0.0.6,11.0.0.16
1300,273,11.0.0.6,11.0.0.16
1300,279,11.0.0.6,11.0.0.23
1300,279,11.0.0.6,11.0.0.23
1300,281,11.0.0.6,11.0.0.23
1300,281,11.0.0.6,11.0.0.23
1300,282,11.0.0.6,11.0.0.15
1300,282,11.0.0.6,11.0.0.15
1300,282,11.0.0.6,11.0.0.15
1300,283,11.0.0.6,11.0.0.23
1300,283,11.0.0.6,11.0.0.23
1300,290,11.0.0.6,11.0.0.16
1300,290,11.0.0.6,11.0.0.16
1300,290,11.0.0.6,11.0.0.16
1300,291,11.0.0.6,11.0.0.23
1300,291,11.0.0.6,11.0.0.23
1300,291,11.0.0.6,11.0.0.23
1300,292,11.0.0.6,11.0.0.16
1300,292,11.0.0.6,11.0.0.16
1300,293,11.0.0.6,11.0.0.3
1300,293,11.0.0.6,11.0.0.3
1300,296,11.0.0.6,11.0.0.16
1300,296,11.0.0.6,11.0.0.16
1300,296,11.0.0.6,11.0.0.16
1300,297,11.0.0.6,11.0.0.16
1300,297,11.0.0.6,11.0.0.16
1300,298,11.0.0.6,11.0.0.16
1300,298,11.0.0.6,11.0.0.16
1300,299,11.0.0.6,11.0.0.15
1300,301,11.0.0.6,11.0.0.23
1300,301,11.0.0.6,11.0.0.23
1300,303,11.0.0.6,11.0.0.16
1300,303,11.0.0.6,11.0.0.16
1300,304,11.0.0.6,11.0.0.23
1300,304,11.0.0.6,11.0.0.23
1300,304,11.0.0.6,11.0.0.23
1300,305,11.0.0.6,11.0.0.23
1300,306,11.0.0.6,11.0.0.3
1300,309,11.0.0.6,11.0.0.16
1300,309,11.0.0.6,11.0.0.16
1300,310,11.0.0.6,11.0.0.16
1300,310,11.0.0.6,11.0.0.16
1300,310,11.0.0.6,11.0.0.16
1300,313,11.0.0.6,11.0.0.3
1300,313,11.0.0.6,11.0.0.3
1300,315,11.0.0.6,11.0.0.16
1300,315,11.0.0.6,11.0.0.16
1300,315,11.0.0.6,11.0.0.16
1300,316,11.0.0.6,11.0.0.3
1300,316,11.0.0.6,11.0.0.3
1300,316,11.0.0.6,11.0.0.3
1300,318,11.0.0.6,11.0.0.3
1300,318,11.0.0.6,11.0.0.3
1300,320,11.0.0.6,11.0.0.15
1300,320,11.0.0.6,11.0.0.15
1300,320,11.0.0.6,11.0.0.15
1300,323,11.0.0.6,11.0.0.23
1300,325,11.0.0.6,11.0.0.3
1300,325,11.0.0.6,11.0.0.3
1300,326,11.0.0.6,11.0.0.23
1300,327,11.0.0.6,11.0.0.23
1300,327,11.0.0.6,11.0.0.23
1300,329,11.0.0.6,11.0.0.15
1300,331,11.0.0.6,11.0.0.23
1300,336,11.0.0.6,11.0.0.15
1300,337,11.0.0.6,11.0.0.3
1300,338,11.0.0.6,11.0.0.23
1300,340,11.0.0.6,11.0.0.16
1300,340,11.0.0.6,11.0.0.16
1300,340,11.0.0.6,11.0.0.16
1300,341,11.0.0.6,11.0.0.15
1300,343,11.0.0.6,11.0.0.23
1300,343,11.0.0.6,11.0.0.23
1300,343,11.0.0.6,11.0.0.23
1300,344,11.0.0.6,11.0.0.23
1300,344,11.0.0.6,11.0.0.23
1300,345,11.0.0.6,11.0.0.16
1300,345,11.0.0.6,11.0.0.16
1300,349,11.0.0.6,11.0.0.3
1300,349,11.0.0.6,11.0.0.3
1300,352,11.0.0.6,11.0.0.3
1300,352,11.0.0.6,11.0.0.3
1300,353,11.0.0.6,11.0.0.23
1300,355,11.0.0.6,11.0.0.3
1300,358,11.0.0.6,11.0.0.3
1300,358,11.0.0.6,11.0.0.3
1300,359,11.0.0.6,11.0.0.3
1300,359,11.0.0.6,11.0.0.3
1300,359,11.0.0.6,11.0.0.3
1300,360,11.0.0.6,11.0.0.16
1300,360,11.0.0.6,11.0.0.16
1300,362,11.0.0.6,11.0.0.23
1300,362,11.0.0.6,11.0.0.23
1300,362,11.0.0.6,11.0.0.23
1300,364,11.0.0.6,11.0.0.15
1300,364,11.0.0.6,11.0.0.15
1300,364,11.0.0.6,11.0.0.15
1300,365,11.0.0.6,11.0.0.15
1300,365,11.0.0.6,11.0.0.15
1300,367,11.0.0.6,11.0.0.15
1300,367,11.0.0.6,11.0.0.15
1300,367,11.0.0.6,11.0.0.15
1300,368,11.0.0.6,11.0.0.16
1300,368,11.0.0.6,11.0.0.16
1300,368,11.0.0.6,11.0.0.16
1300,372,11.0.0.6,11.0.0.15
1300,372,11.0.0.6,11.0.0.15
1300,372,11.0.0.6,11.0.0.15
1300,374,11.0.0.6,11.0.0.3
1300,375,11.0.0.6,11.0.0.16
1300,375,11.0.0.6,11.0.0.16
1300,375,11.0.0.6,11.0.0.16
1300,377,11.0.0.6,11.0.0.3
1300,377,11.0.0.6,11.0.0.3
1300,377,11.0.0.6,11.0.0.3
1300,378,11.0.0.6,11.0.0.23
1300,378,11.0.0.6,11.0.0.23
1300,380,11.0.0.6,11.0.0.23
1300,380,11.0.0.6,11.0.0.23
1300,380,11.0.0.6,11.0.0.23
1300,381,11.0.0.6,11.0.0.23
1300,381,11.0.0.6,11.0.0.23
1300,385,11.0.0.6,11.0.0.3
1300,385,11.0.0.6,11.0.0.3
1300,385,11.0.0.6,11.0.0.3
1300,386,11.0.0.6,11.0.0.16
1300,386,11.0.0.6,11.0.0.16
1300,386,11.0.0.6,11.0.0.16
1300,387,11.0.0.6,11.0.0.23
1300,389,11.0.0.6,11.0.0.15
1300,390,11.0.0.6,11.0.0.15
1300,390,11.0.0.6,11.0.0.15
1300,390,11.0.0.6,11.0.0.15
1300,395,11.0.0.6,11.0.0.23
1300,403,11.0.0.6,11.0.0.16
1300,403,11.0.0.6,11.0.0.16
1300,403,11.0.0.6,11.0.0.16
1300,404,11.0.0.6,11.0.0.16
1300,404,11.0.0.6,11.0.0.16
1300,404,11.0.0.6,11.0.0.16
1300,405,11.0.0.6,11.0.0.15
1300,406,11.0.0.6,11.0.0.15
1300,406,11.0.0.6,11.0.0.15
1300,406,11.0.0.6,11.0.0.15
1300,407,11.0.0.6,11.0.0.3
1300,408,11.0.0.6,11.0.0.15
1300,410,11.0.0.6,11.0.0.15
1300,410,11.0.0.6,11.0.0.15
1300,410,11.0.0.6,11.0.0.15
1300,411,11.0.0.6,11.0.0.16
1300,411,11.0.0.6,11.0.0.16
1300,411,11.0.0.6,11.0.0.16
1300,413,11.0.0.6,11.0.0.23
1300,413,11.0.0.6,11.0.0.23
1300,413,11.0.0.6,11.0.0.23
1300,416,11.0.0.6,11.0.0.16
1300,416,11.0.0.6,11.0.0.16
1300,417,11.0.0.6,11.0.0.15
1300,417,11.0.0.6,11.0.0.15
1300,417,11.0.0.6,11.0.0.15
1300,419,11.0.0.6,11.0.0.23
1300,419,11.0.0.6,11.0.0.23
1300,422,11.0.0.6,11.0.0.23
1300,422,11.0.0.6,11.0.0.23
1300,423,11.0.0.6,11.0.0.15
1300,423,11.0.0.6,11.0.0.15
1300,426,11.0.0.6,11.0.0.23
1300,426,11.0.0.6,11.0.0.23
1300,426,11.0.0.6,11.0.0.23
1300,427,11.0.0.6,11.0.0.3
1300,427,11.0.0.6,11.0.0.3
1300,428,11.0.0.6,11.0.0.3
1300,428,11.0.0.6,11.0.0.3
1300,428,11.0.0.6,11.0.0.3
1300,430,11.0.0.6,11.0.0.16
1300,431,11.0.0.6,11.0.0.3
1300,431,11.0.0.6,11.0.0.3
1300,431,11.0.0.6,11.0.0.3
1300,432,11.0.0.6,11.0.0.23
1300,434,11.0.0.6,11.0.0.16
1300,434,11.0.0.6,11.0.0.16
1300,435,11.0.0.6,11.0.0.23
1300,435,11.0.0.6,11.0.0.23
1300,436,11.0.0.6,11.0.0.15
1300,436,11.0.0.6,11.0.0.15
1300,436,11.0.0.6,11.0.0.15
1300,438,11.0.0.6,11.0.0.23
1300,438,11.0.0.6,11.0.0.23
1300,438,11.0.0.6,11.0.0.23
1300,440,11.0.0.6,11.0.0.23
1300,440,11.0.0.6,11.0.0.23
1300,440,11.0.0.6,11.0.0.23
1300,442,11.0.0.6,11.0.0.15
1300,445,11.0.0.6,11.0.0.15
1300,446,11.0.0.6,11.0.0.23
1300,450,11.0.0.6,11.0.0.3
1300,450,11.0.0.6,11.0.0.3
1300,450,11.0.0.6,11.0.0.3
1300,452,11.0.0.6,11.0.0.16
1300,452,11.0.0.6,11.0.0.16
1300,452,11.0.0.6,11.0.0.16
1300,453,11.0.0.6,11.0.0.23
1300,453,11.0.0.6,11.0.0.23
1300,454,11.0.0.6,11.0.0.3
1300,454,11.0.0.6,11.0.0.3
1300,457,11.0.0.6,11.0.0.16
1300,457,11.0.0.6,11.0.0.16
1300,460,11.0.0.6,11.0.0.16
1300,466,11.0.0.6,11.0.0.3
1300,466,11.0.0.6,11.0.0.3
1300,466,11.0.0.6,11.0.0.3
1300,471,11.0.0.6,11.0.0.23
1300,471,11.0.0.6,11.0.0.23
1300,471,11.0.0.6,11.0.0.23
1300,474,11.0.0.6,11.0.0.23
1300,474,11.0.0.6,11.0.0.23
1300,476,11.0.0.6,11.0.0.23
1300,476,11.0.0.6,11.0.0.23
1300,478,11.0.0.6,11.0.0.3
1300,478,11.0.0.6,11.0.0.3
1300,484,11.0.0.6,11.0.0.16
1300,484,11.0.0.6,11.0.0.16
1300,485,11.0.0.6,11.0.0.23
1300,485,11.0.0.6,11.0.0.23
1300,493,11.0.0.6,11.0.0.15
1300,493,11.0.0.6,11.0.0.15
1300,495,11.0.0.6,11.0.0.16
1300,495,11.0.0.6,11.0.0.16
1300,495,11.0.0.6,11.0.0.16
1300,496,11.0.0.6,11.0.0.16
1300,497,11.0.0.6,11.0.0.16
1300,497,11.0.0.6,11.0.0.16
1300,498,11.0.0.6,11.0.0.16
1300,498,11.0.0.6,11.0.0.16
1300,502,11.0.0.6,11.0.0.16
1300,502,11.0.0.6,11.0.0.16
1300,502,11.0.0.6,11.0.0.16
1300,506,11.0.0.6,11.0.0.3
1300,507,11.0.0.6,11.0.0.16
1300,507,11.0.0.6,11.0.0.16
1300,512,11.0.0.6,11.0.0.16
1300,512,11.0.0.6,11.0.0.16
1300,515,11.0.0.6,11.0.0.23
1300,515,11.0.0.6,11.0.0.23
1300,516,11.0.0.6,11.0.0.16
1300,516,11.0.0.6,11.0.0.16
1300,516,11.0.0.6,11.0.0.16
1300,519,11.0.0.6,11.0.0.16
1300,520,11.0.0.6,11.0.0.23
1300,520,11.0.0.6,11.0.0.23
1300,525,11.0.0.6,11.0.0.16
1300,525,11.0.0.6,11.0.0.16
1300,526,11.0.0.6,11.0.0.16
1300,526,11.0.0.6,11.0.0.16
1300,526,11.0.0.6,11.0.0.16
1300,530,11.0.0.6,11.0.0.16
1300,530,11.0.0.6,11.0.0.16
1300,532,11.0.0.6,11.0.0.16
1300,532,11.0.0.6,11.0.0.16
1300,536,11.0.0.6,11.0.0.16
1300,536,11.0.0.6,11.0.0.16
1300,538,11.0.0.6,11.0.0.16
1300,538,11.0.0.6,11.0.0.16
1300,538,11.0.0.6,11.0.0.16
1300,539,11.0.0.6,11.0.0.3
1300,539,11.0.0.6,11.0.0.3
1300,539,11.0.0.6,11.0.0.3
1300,542,11.0.0.6,11.0.0.16
1300,543,11.0.0.6,11.0.0.23
1300,543,11.0.0.6,11.0.0.23
1300,543,11.0.0.6,11.0.0.23
1300,544,11.0.0.6,11.0.0.3
1300,544,11.0.0.6,11.0.0.3
1300,544,11.0.0.6,11.0.0.3
1300,548,11.0.0.6,11.0.0.15
1300,548,11.0.0.6,11.0.0.15
1300,548,11.0.0.6,11.0.0.15
1300,549,11.0.0.6,11.0.0.23
1300,550,11.0.0.6,11.0.0.15
1300,551,11.0.0.6,11.0.0.16
1300,551,11.0.0.6,11.0.0.16
1300,551,11.0.0.6,11.0.0.16
1300,553,11.0.0.6,11.0.0.15
1300,553,11.0.0.6,11.0.0.15
1300,553,11.0.0.6,11.0.0.15
1300,554,11.0.0.6,11.0.0.23
1300,554,11.0.0.6,11.0.0.23
1300,554,11.0.0.6,11.0.0.23
1300,555,11.0.0.6,11.0.0.3
1300,555,11.0.0.6,11.0.0.3
1300,558,11.0.0.6,11.0.0.3
1300,558,11.0.0.6,11.0.0.3
1300,562,11.0.0.6,11.0.0.16
1300,562,11.0.0.6,11.0.0.16
1300,564,11.0.0.6,11.0.0.16
1300,565,11.0.0.6,11.0.0.16
1300,567,11.0.0.6,11.0.0.3
1300,572,11.0.0.6,11.0.0.16
1300,576,11.0.0.6,11.0.0.15
1300,576,11.0.0.6,11.0.0.15
1300,579,11.0.0.6,11.0.0.3
1300,579,11.0.0.6,11.0.0.3
1300,580,11.0.0.6,11.0.0.3
1300,580,11.0.0.6,11.0.0.3
1300,580,11.0.0.6,11.0.0.3
1300,582,11.0.0.6,11.0.0.16
1300,583,11.0.0.6,11.0.0.15
1300,584,11.0.0.6,11.0.0.15
1300,584,11.0.0.6,11.0.0.15
1300,584,11.0.0.6,11.0.0.15
1300,587,11.0.0.6,11.0.0.23
1300,587,11.0.0.6,11.0.0.23
1300,587,11.0.0.6,11.0.0.23
1300,588,11.0.0.6,11.0.0.23
1300,588,11.0.0.6,11.0.0.23
1300,588,11.0.0.6,11.0.0.23
1300,591,11.0.0.6,11.0.0.15
1300,591,11.0.0.6,11.0.0.15
1300,592,11.0.0.6,11.0.0.16
1300,593,11.0.0.6,11.0.0.16
1300,593,11.0.0.6,11.0.0.16
1300,593,11.0.0.6,11.0.0.16
1300,595,11.0.0.6,11.0.0.16
1300,597,11.0.0.6,11.0.0.3
1300,597,11.0.0.6,11.0.0.3
1300,597,11.0.0.6,11.0.0.3
1300,598,11.0.0.6,11.0.0.23
1300,600,11.0.0.6,11.0.0.23
1300,601,11.0.0.6,11.0.0.15
1300,604,11.0.0.6,11.0.0.3
1300,604,11.0.0.6,11.0.0.3
1300,604,11.0.0.6,11.0.0.3
1300,606,11.0.0.6,11.0.0.15
1300,606,11.0.0.6,11.0.0.15
1300,606,11.0.0.6,11.0.0.15
1300,608,11.0.0.6,11.0.0.16
1300,608,11.0.0.6,11.0.0.16
1300,608,11.0.0.6,11.0.0.16
1300,611,11.0.0.6,11.0.0.15
1300,611,11.0.0.6,11.0.0.15
1300,614,11.0.0.6,11.0.0.16
1300,614,11.0.0.6,11.0.0.16
1300,616,11.0.0.6,11.0.0.15
1300,616,11.0.0.6,11.0.0.15
1300,617,11.0.0.6,11.0.0.3
1300,617,11.0.0.6,11.0.0.3
1300,617,11.0.0.6,11.0.0.3
1300,622,11.0.0.6,11.0.0.15
1300,622,11.0.0.6,11.0.0.15
1300,622,11.0.0.6,11.0.0.15
1300,624,11.0.0.6,11.0.0.15
1300,624,11.0.0.6,11.0.0.15
1300,624,11.0.0.6,11.0.0.15
1300,626,11.0.0.6,11.0.0.23
1300,627,11.0.0.6,11.0.0.15
1300,627,11.0.0.6,11.0.0.15
1300,628,11.0.0.6,11.0.0.15
1300,628,11.0.0.6,11.0.0.15
1300,628,11.0.0.6,11.0.0.15
1300,629,11.0.0.6,11.0.0.3
1300,631,11.0.0.6,11.0.0.16
1300,631,11.0.0.6,11.0.0.16
1300,633,11.0.0.6,11.0.0.15
1300,635,11.0.0.6,11.0.0.15
1300,635,11.0.0.6,11.0.0.15
1300,636,11.0.0.6,11.0.0.23
1300,636,11.0.0.6,11.0.0.23
1300,636,11.0.0.6,11.0.0.23
1300,638,11.0.0.6,11.0.0.23
1300,641,11.0.0.6,11.0.0.16
1300,641,11.0.0.6,11.0.0.16
1300,643,11.0.0.6,11.0.0.23
1300,645,11.0.0.6,11.0.0.15
1300,649,11.0.0.6,11.0.0.23
1300,649,11.0.0.6,11.0.0.23
1300,650,11.0.0.6,11.0.0.16
1300,650,11.0.0.6,11.0.0.16
1300,651,11.0.0.6,11.0.0.23
1300,651,11.0.0.6,11.0.0.23
1300,653,11.0.0.6,11.0.0.16
1300,653,11.0.0.6,11.0.0.16
1300,654,11.0.0.6,11.0.0.15
1300,654,11.0.0.6,11.0.0.15
1300,655,11.0.0.6,11.0.0.23
1300,655,11.0.0.6,11.0.0.23
1300,656,11.0.0.6,11.0.0.16
1300,656,11.0.0.6,11.0.0.16
1300,657,11.0.0.6,11.0.0.3
1300,657,11.0.0.6,11.0.0.3
1300,657,11.0.0.6,11.0.0.3
1300,658,11.0.0.6,11.0.0.23
1300,659,11.0.0.6,11.0.0.15
1300,659,11.0.0.6,11.0.0.15
1300,662,11.0.0.6,11.0.0.3
1300,663,11.0.0.6,11.0.0.16
1300,663,11.0.0.6,11.0.0.16
1300,664,11.0.0.6,11.0.0.23
1300,664,11.0.0.6,11.0.0.23
1300,664,11.0.0.6,11.0.0.23
1300,665,11.0.0.6,11.0.0.3
1300,667,11.0.0.6,11.0.0.3
1300,667,11.0.0.6,11.0.0.3
1300,668,11.0.0.6,11.0.0.23
1300,668,11.0.0.6,11.0.0.23
1300,669,11.0.0.6,11.0.0.23
1300,669,11.0.0.6,11.0.0.23
1300,671,11.0.0.6,11.0.0.15
1300,671,11.0.0.6,11.0.0.15
1300,671,11.0.0.6,11.0.0.15
1300,672,11.0.0.6,11.0.0.15
1300,672,11.0.0.6,11.0.0.15
1300,672,11.0.0.6,11.0.0.15
1300,673,11.0.0.6,11.0.0.3
1300,673,11.0.0.6,11.0.0.3
1300,676,11.0.0.6,11.0.0.16
1300,677,11.0.0.6,11.0.0.16
1300,677,11.0.0.6,11.0.0.16
1300,677,11.0.0.6,11.0.0.16
1300,679,11.0.0.6,11.0.0.16
1300,680,11.0.0.6,11.0.0.16
1300,684,11.0.0.6,11.0.0.3
1300,684,11.0.0.6,11.0.0.3
1300,685,11.0.0.6,11.0.0.23
1300,685,11.0.0.6,11.0.0.23
1300,685,11.0.0.6,11.0.0.23
1300,686,11.0.0.6,11.0.0.16
1300,687,11.0.0.6,11.0.0.23
1300,687,11.0.0.6,11.0.0.23
1300,688,11.0.0.6,11.0.0.16
1300,691,11.0.0.6,11.0.0.15
1300,691,11.0.0.6,11.0.0.15
1300,694,11.0.0.6,11.0.0.3
1300,694,11.0.0.6,11.0.0.3
1300,695,11.0.0.6,11.0.0.16
1300,695,11.0.0.6,11.0.0.16
1300,695,11.0.0.6,11.0.0.16
1300,696,11.0.0.6,11.0.0.3
1300,696,11.0.0.6,11.0.0.3
1300,697,11.0.0.6,11.0.0.23
1300,697,11.0.0.6,11.0.0.23
1300,698,11.0.0.6,11.0.0.23
1300,698,11.0.0.6,11.0.0.23
1300,698,11.0.0.6,11.0.0.23
1300,700,11.0.0.6,11.0.0.23
1300,701,11.0.0.6,11.0.0.3
1300,702,11.0.0.6,11.0.0.16
1300,702,11.0.0.6,11.0.0.16
1300,703,11.0.0.6,11.0.0.16
1300,703,11.0.0.6,11.0.0.16
1300,703,11.0.0.6,11.0.0.16
1300,706,11.0.0.6,11.0.0.3
1300,706,11.0.0.6,11.0.0.3
1300,708,11.0.0.6,11.0.0.23
1300,708,11.0.0.6,11.0.0.23
1300,708,11.0.0.6,11.0.0.23
1300,714,11.0.0.6,11.0.0.23
1300,714,11.0.0.6,11.0.0.23
1300,715,11.0.0.6,11.0.0.15
1300,715,11.0.0.6,11.0.0.15
1300,717,11.0.0.6,11.0.0.16
1300,722,11.0.0.6,11.0.0.15
1300,722,11.0.0.6,11.0.0.15
1300,725,11.0.0.6,11.0.0.15
1300,725,11.0.0.6,11.0.0.15
1300,725,11.0.0.6,11.0.0.15
1300,726,11.0.0.6,11.0.0.23
1300,726,11.0.0.6,11.0.0.23
1300,726,11.0.0.6,11.0.0.23
1300,728,11.0.0.6,11.0.0.15
1300,730,11.0.0.6,11.0.0.15
1300,730,11.0.0.6,11.0.0.15
1300,731,11.0.0.6,11.0.0.3
1300,731,11.0.0.6,11.0.0.3
1300,735,11.0.0.6,11.0.0.3
1300,735,11.0.0.6,11.0.0.3
1300,736,11.0.0.6,11.0.0.23
1300,737,11.0.0.6,11.0.0.16
1300,737,11.0.0.6,11.0.0.16
1300,739,11.0.0.6,11.0.0.16
1300,739,11.0.0.6,11.0.0.16
1300,739,11.0.0.6,11.0.0.16
1300,740,11.0.0.6,11.0.0.3
1300,744,11.0.0.6,11.0.0.15
1300,744,11.0.0.6,11.0.0.15
1300,744,11.0.0.6,11.0.0.15
1300,746,11.0.0.6,11.0.0.23
1300,747,11.0.0.6,11.0.0.16
1300,748,11.0.0.6,11.0.0.16
1300,748,11.0.0.6,11.0.0.16
1300,749,11.0.0.6,11.0.0.23
1300,751,11.0.0.6,11.0.0.15
1300,751,11.0.0.6,11.0.0.15
1300,751,11.0.0.6,11.0.0.15
1300,752,11.0.0.6,11.0.0.15
1300,754,11.0.0.6,11.0.0.15
1300,754,11.0.0.6,11.0.0.15
1300,754,11.0.0.6,11.0.0.15
1300,756,11.0.0.6,11.0.0.16
1300,756,11.0.0.6,11.0.0.16
1300,758,11.0.0.6,11.0.0.16
1300,758,11.0.0.6,11.0.0.16
1300,758,11.0.0.6,11.0.0.16
1300,760,11.0.0.6,11.0.0.16
1300,760,11.0.0.6,11.0.0.16
1300,761,11.0.0.6,11.0.0.3
1300,761,11.0.0.6,11.0.0.3
1300,763,11.0.0.6,11.0.0.16
1300,763,11.0.0.6,11.0.0.16
1300,763,11.0.0.6,11.0.0.16
1300,764,11.0.0.6,11.0.0.15
1300,764,11.0.0.6,11.0.0.15
1300,764,11.0.0.6,11.0.0.15
1300,766,11.0.0.6,11.0.0.16
1300,766,11.0.0.6,11.0.0.16
1300,768,11.0.0.6,11.0.0.23
1300,772,11.0.0.6,11.0.0.3
1300,774,11.0.0.6,11.0.0.3
1300,774,11.0.0.6,11.0.0.3
1300,774,11.0.0.6,11.0.0.3
1300,777,11.0.0.6,11.0.0.15
1300,777,11.0.0.6,11.0.0.15
1300,777,11.0.0.6,11.0.0.15
1300,778,11.0.0.6,11.0.0.15
1300,778,11.0.0.6,11.0.0.15
1300,781,11.0.0.6,11.0.0.16
1300,781,11.0.0.6,11.0.0.16
1300,781,11.0.0.6,11.0.0.16
1300,784,11.0.0.6,11.0.0.15
1300,784,11.0.0.6,11.0.0.15
1300,788,11.0.0.6,11.0.0.15
1300,788,11.0.0.6,11.0.0.15
1300,789,11.0.0.6,11.0.0.15
1300,789,11.0.0.6,11.0.0.15
1300,789,11.0.0.6,11.0.0.15
1300,793,11.0.0.6,11.0.0.3
1300,793,11.0.0.6,11.0.0.3
1300,793,11.0.0.6,11.0.0.3
1300,794,11.0.0.6,11.0.0.23
1300,794,11.0.0.6,11.0.0.23
1300,794,11.0.0.6,11.0.0.23
1300,795,11.0.0.6,11.0.0.3
1300,795,11.0.0.6,11.0.0.3
1300,798,11.0.0.6,11.0.0.15
1300,798,11.0.0.6,11.0.0.15
1300,798,11.0.0.6,11.0.0.15
1300,799,11.0.0.6,11.0.0.23
1300,799,11.0.0.6,11.0.0.23
1300,800,11.0.0.6,11.0.0.3
1300,800,11.0.0.6,11.0.0.3
1300,800,11.0.0.6,11.0.0.3
1300,803,11.0.0.6,11.0.0.3
1300,803,11.0.0.6,11.0.0.3
1300,805,11.0.0.6,11.0.0.16
1300,805,11.0.0.6,11.0.0.16
1300,808,11.0.0.6,11.0.0.16
1300,808,11.0.0.6,11.0.0.16
1300,809,11.0.0.6,11.0.0.16
1300,809,11.0.0.6,11.0.0.16
1300,811,11.0.0.6,11.0.0.16
1300,811,11.0.0.6,11.0.0.16
1300,812,11.0.0.6,11.0.0.16
1300,812,11.0.0.6,11.0.0.16
1300,813,11.0.0.6,11.0.0.23
1300,813,11.0.0.6,11.0.0.23
1300,813,11.0.0.6,11.0.0.23
1300,815,11.0.0.6,11.0.0.3
1300,815,11.0.0.6,11.0.0.3
1300,815,11.0.0.6,11.0.0.3
1300,816,11.0.0.6,11.0.0.15
1300,816,11.0.0.6,11.0.0.15
1300,818,11.0.0.6,11.0.0.3
1300,818,11.0.0.6,11.0.0.3
1300,820,11.0.0.6,11.0.0.15
1300,822,11.0.0.6,11.0.0.23
1300,822,11.0.0.6,11.0.0.23
1300,826,11.0.0.6,11.0.0.3
1300,828,11.0.0.6,11.0.0.15
1300,828,11.0.0.6,11.0.0.15
1300,829,11.0.0.6,11.0.0.23
1300,830,11.0.0.6,11.0.0.16
1300,830,11.0.0.6,11.0.0.16
1300,830,11.0.0.6,11.0.0.16
1300,831,11.0.0.6,11.0.0.15
1300,831,11.0.0.6,11.0.0.15
1300,836,11.0.0.6,11.0.0.15
1300,838,11.0.0.6,11.0.0.23
1300,840,11.0.0.6,11.0.0.3
1300,840,11.0.0.6,11.0.0.3
1300,840,11.0.0.6,11.0.0.3
1300,843,11.0.0.6,11.0.0.16
1300,845,11.0.0.6,11.0.0.15
1300,845,11.0.0.6,11.0.0.15
1300,845,11.0.0.6,11.0.0.15
1300,846,11.0.0.6,11.0.0.23
1300,847,11.0.0.6,11.0.0.23
1300,847,11.0.0.6,11.0.0.23
1300,849,11.0.0.6,11.0.0.3
1300,849,11.0.0.6,11.0.0.3
1300,850,11.0.0.6,11.0.0.15
1300,850,11.0.0.6,11.0.0.15
1300,851,11.0.0.6,11.0.0.3
1300,851,11.0.0.6,11.0.0.3
1300,851,11.0.0.6,11.0.0.3
1300,857,11.0.0.6,11.0.0.16
1300,857,11.0.0.6,11.0.0.16
1300,858,11.0.0.6,11.0.0.16
1300,858,11.0.0.6,11.0.0.16
1300,858,11.0.0.6,11.0.0.16
1300,862,11.0.0.6,11.0.0.15
1300,862,11.0.0.6,11.0.0.15
1300,862,11.0.0.6,11.0.0.15
1300,865,11.0.0.6,11.0.0.3
1300,865,11.0.0.6,11.0.0.3
1300,865,11.0.0.6,11.0.0.3
1300,866,11.0.0.6,11.0.0.16
1300,866,11.0.0.6,11.0.0.16
1300,868,11.0.0.6,11.0.0.3
1300,868,11.0.0.6,11.0.0.3
1300,868,11.0.0.6,11.0.0.3
1300,869,11.0.0.6,11.0.0.23
1300,869,11.0.0.6,11.0.0.23
1300,869,11.0.0.6,11.0.0.23
1300,870,11.0.0.6,11.0.0.16
1300,870,11.0.0.6,11.0.0.16
1300,871,11.0.0.6,11.0.0.16
1300,871,11.0.0.6,11.0.0.16
1300,873,11.0.0.6,11.0.0.23
1300,873,11.0.0.6,11.0.0.23
1300,873,11.0.0.6,11.0.0.23
1300,875,11.0.0.6,11.0.0.16
1300,875,11.0.0.6,11.0.0.16
1300,877,11.0.0.6,11.0.0.16
1300,877,11.0.0.6,11.0.0.16
1300,878,11.0.0.6,11.0.0.3
1300,878,11.0.0.6,11.0.0.3
1300,878,11.0.0.6,11.0.0.3
1300,880,11.0.0.6,11.0.0.15
1300,880,11.0.0.6,11.0.0.15
1300,880,11.0.0.6,11.0.0.15
1300,881,11.0.0.6,11.0.0.15
1300,881,11.0.0.6,11.0.0.15
1300,881,11.0.0.6,11.0.0.15
1300,882,11.0.0.6,11.0.0.3
1300,882,11.0.0.6,11.0.0.3
1300,882,11.0.0.6,11.0.0.3
1300,884,11.0.0.6,11.0.0.16
1300,884,11.0.0.6,11.0.0.16
1300,886,11.0.0.6,11.0.0.15
1300,886,11.0.0.6,11.0.0.15
1300,888,11.0.0.6,11.0.0.16
1300,888,11.0.0.6,11.0.0.16
1300,889,11.0.0.6,11.0.0.23
1300,889,11.0.0.6,11.0.0.23
1300,890,11.0.0.6,11.0.0.3
1300,890,11.0.0.6,11.0.0.3
1300,892,11.0.0.6,11.0.0.23
1300,893,11.0.0.6,11.0.0.16
1300,893,11.0.0.6,11.0.0.16
1300,894,11.0.0.6,11.0.0.3
1300,894,11.0.0.6,11.0.0.3
1300,894,11.0.0.6,11.0.0.3
1300,896,11.0.0.6,11.0.0.3
1300,896,11.0.0.6,11.0.0.3
1300,897,11.0.0.6,11.0.0.16
1300,897,11.0.0.6,11.0.0.16
1300,899,11.0.0.6,11.0.0.16
1300,899,11.0.0.6,11.0.0.16
1300,900,11.0.0.6,11.0.0.15
1300,900,11.0.0.6,11.0.0.15
1300,900,11.0.0.6,11.0.0.15
1300,901,11.0.0.6,11.0.0.23
1300,901,11.0.0.6,11.0.0.23
1300,901,11.0.0.6,11.0.0.23
1300,902,11.0.0.6,11.0.0.23
1300,902,11.0.0.6,11.0.0.23
1300,905,11.0.0.6,11.0.0.3
1300,905,11.0.0.6,11.0.0.3
1300,905,11.0.0.6,11.0.0.3
1300,909,11.0.0.6,11.0.0.16
1300,910,11.0.0.6,11.0.0.23
1300,910,11.0.0.6,11.0.0.23
1300,910,11.0.0.6,11.0.0.23
1300,913,11.0.0.6,11.0.0.16
1300,913,11.0.0.6,11.0.0.16
1300,913,11.0.0.6,11.0.0.16
1300,914,11.0.0.6,11.0.0.16
1300,914,11.0.0.6,11.0.0.16
1300,918,11.0.0.6,11.0.0.23
1300,918,11.0.0.6,11.0.0.23
1300,918,11.0.0.6,11.0.0.23
1300,919,11.0.0.6,11.0.0.3
1300,919,11.0.0.6,11.0.0.3
1300,919,11.0.0.6,11.0.0.3
1300,921,11.0.0.6,11.0.0.23
1300,921,11.0.0.6,11.0.0.23
1300,921,11.0.0.6,11.0.0.23
1300,922,11.0.0.6,11.0.0.3
1300,922,11.0.0.6,11.0.0.3
1300,925,11.0.0.6,11.0.0.3
1300,925,11.0.0.6,11.0.0.3
1300,926,11.0.0.6,11.0.0.23
1300,926,11.0.0.6,11.0.0.23
1300,927,11.0.0.6,11.0.0.23
1300,929,11.0.0.6,11.0.0.16
1300,929,11.0.0.6,11.0.0.16
1300,932,11.0.0.6,11.0.0.15
1300,932,11.0.0.6,11.0.0.15
1300,932,11.0.0.6,11.0.0.15
1300,934,11.0.0.6,11.0.0.15
1300,934,11.0.0.6,11.0.0.15
1300,934,11.0.0.6,11.0.0.15
1300,939,11.0.0.6,11.0.0.16
1300,942,11.0.0.6,11.0.0.3
1300,942,11.0.0.6,11.0.0.3
1300,943,11.0.0.6,11.0.0.3
1300,943,11.0.0.6,11.0.0.3
1300,943,11.0.0.6,11.0.0.3
1300,947,11.0.0.6,11.0.0.16
1300,949,11.0.0.6,11.0.0.16
1300,949,11.0.0.6,11.0.0.16
1300,954,11.0.0.6,11.0.0.15
1300,955,11.0.0.6,11.0.0.16
1300,955,11.0.0.6,11.0.0.16
1300,958,11.0.0.6,11.0.0.16
1300,958,11.0.0.6,11.0.0.16
1300,962,11.0.0.6,11.0.0.16
1300,962,11.0.0.6,11.0.0.16
1300,963,11.0.0.6,11.0.0.15
1300,963,11.0.0.6,11.0.0.15
1300,964,11.0.0.6,11.0.0.15
1300,964,11.0.0.6,11.0.0.15
1300,966,11.0.0.6,11.0.0.3
1300,966,11.0.0.6,11.0.0.3
1300,967,11.0.0.6,11.0.0.3
1300,967,11.0.0.6,11.0.0.3
1300,970,11.0.0.6,11.0.0.3
1300,972,11.0.0.6,11.0.0.16
1300,972,11.0.0.6,11.0.0.16
1300,978,11.0.0.6,11.0.0.16
1300,978,11.0.0.6,11.0.0.16
1300,979,11.0.0.6,11.0.0.16
1300,979,11.0.0.6,11.0.0.16
1300,979,11.0.0.6,11.0.0.16
1300,981,11.0.0.6,11.0.0.3
1300,981,11.0.0.6,11.0.0.3
1300,982,11.0.0.6,11.0.0.16
1300,982,11.0.0.6,11.0.0.16
1300,982,11.0.0.6,11.0.0.16
1300,984,11.0.0.6,11.0.0.23
1300,984,11.0.0.6,11.0.0.23
1300,985,11.0.0.6,11.0.0.15
1300,985,11.0.0.6,11.0.0.15
1300,988,11.0.0.6,11.0.0.16
1300,988,11.0.0.6,11.0.0.16
1300,988,11.0.0.6,11.0.0.16
1300,995,11.0.0.6,11.0.0.15
1300,996,11.0.0.6,11.0.0.3
1300,996,11.0.0.6,11.0.0.3
1300,998,11.0.0.6,11.0.0.3
1300,1001,11.0.0.6,11.0.0.23
1300,1005,11.0.0.6,11.0.0.15
1300,1005,11.0.0.6,11.0.0.15
1300,1005,11.0.0.6,11.0.0.15
1300,1006,11.0.0.6,11.0.0.23
1300,1007,11.0.0.6,11.0.0.23
1300,1007,11.0.0.6,11.0.0.23
1300,1011,11.0.0.6,11.0.0.23
1300,1011,11.0.0.6,11.0.0.23
1300,1014,11.0.0.6,11.0.0.3
1300,1016,11.0.0.6,11.0.0.3
1300,1016,11.0.0.6,11.0.0.3
1300,1016,11.0.0.6,11.0.0.3
1300,1017,11.0.0.6,11.0.0.16
1300,1019,11.0.0.6,11.0.0.16
1300,1019,11.0.0.6,11.0.0.16
1300,1019,11.0.0.6,11.0.0.16
1300,1020,11.0.0.6,11.0.0.16
1300,1020,11.0.0.6,11.0.0.16
1300,1021,11.0.0.6,11.0.0.16
1300,1022,11.0.0.6,11.0.0.16
1300,1022,11.0.0.6,11.0.0.16
1300,1023,11.0.0.6,11.0.0.23
1300,1023,11.0.0.6,11.0.0.23
1300,1024,11.0.0.6,11.0.0.23
1300,1030,11.0.0.6,11.0.0.3
1300,1030,11.0.0.6,11.0.0.3
1300,1030,11.0.0.6,11.0.0.3
1300,1032,11.0.0.6,11.0.0.16
1300,1032,11.0.0.6,11.0.0.16
1300,1033,11.0.0.6,11.0.0.16
1300,1033,11.0.0.6,11.0.0.16
1300,1033,11.0.0.6,11.0.0.16
1300,1034,11.0.0.6,11.0.0.16
1300,1034,11.0.0.6,11.0.0.16
1300,1034,11.0.0.6,11.0.0.16
1300,1038,11.0.0.6,11.0.0.3
1300,1038,11.0.0.6,11.0.0.3
1300,1038,11.0.0.6,11.0.0.3
1300,1039,11.0.0.6,11.0.0.15
1300,1039,11.0.0.6,11.0.0.15
1300,1041,11.0.0.6,11.0.0.15
1300,1041,11.0.0.6,11.0.0.15
1300,1042,11.0.0.6,11.0.0.23
1300,1042,11.0.0.6,11.0.0.23
1300,1042,11.0.0.6,11.0.0.23
1300,1047,11.0.0.6,11.0.0.16
1300,1047,11.0.0.6,11.0.0.16
1300,1047,11.0.0.6,11.0.0.16
1300,1048,11.0.0.6,11.0.0.16
1300,1048,11.0.0.6,11.0.0.16
1300,1049,11.0.0.6,11.0.0.3
1300,1049,11.0.0.6,11.0.0.3
1300,1050,11.0.0.6,11.0.0.3
1300,1050,11.0.0.6,11.0.0.3
1300,1051,11.0.0.6,11.0.0.16
1300,1051,11.0.0.6,11.0.0.16
1300,1051,11.0.0.6,11.0.0.16
1300,1052,11.0.0.6,11.0.0.3
1300,1052,11.0.0.6,11.0.0.3
1300,1054,11.0.0.6,11.0.0.3
1300,1057,11.0.0.6,11.0.0.23
1300,1057,11.0.0.6,11.0.0.23
1300,1060,11.0.0.6,11.0.0.15
1300,1060,11.0.0.6,11.0.0.15
1300,1060,11.0.0.6,11.0.0.15
1300,1061,11.0.0.6,11.0.0.16
1300,1061,11.0.0.6,11.0.0.16
1300,1062,11.0.0.6,11.0.0.15
1300,1064,11.0.0.6,11.0.0.16
1300,1064,11.0.0.6,11.0.0.16
1300,1066,11.0.0.6,11.0.0.15
1300,1066,11.0.0.6,11.0.0.15
1300,1066,11.0.0.6,11.0.0.15
1300,1067,11.0.0.6,11.0.0.15
1300,1067,11.0.0.6,11.0.0.15
1300,1067,11.0.0.6,11.0.0.15
1300,1070,11.0.0.6,11.0.0.3
1300,1070,11.0.0.6,11.0.0.3
1300,1071,11.0.0.6,11.0.0.16
1300,1071,11.0.0.6,11.0.0.16
1300,1071,11.0.0.6,11.0.0.16
1300,1072,11.0.0.6,11.0.0.23
1300,1072,11.0.0.6,11.0.0.23
1300,1075,11.0.0.6,11.0.0.3
1300,1075,11.0.0.6,11.0.0.3
1300,1076,11.0.0.6,11.0.0.15
1300,1076,11.0.0.6,11.0.0.15
1300,1077,11.0.0.6,11.0.0.15
1300,1077,11.0.0.6,11.0.0.15
1300,1078,11.0.0.6,11.0.0.3
1300,1079,11.0.0.6,11.0.0.23
1300,1079,11.0.0.6,11.0.0.23
1300,1083,11.0.0.6,11.0.0.16
1300,1083,11.0.0.6,11.0.0.16
1300,1086,11.0.0.6,11.0.0.3
1300,1086,11.0.0.6,11.0.0.3
1300,1087,11.0.0.6,11.0.0.16
1300,1087,11.0.0.6,11.0.0.16
1300,1087,11.0.0.6,11.0.0.16
1300,1088,11.0.0.6,11.0.0.16
1300,1088,11.0.0.6,11.0.0.16
1300,1090,11.0.0.6,11.0.0.15
1300,1090,11.0.0.6,11.0.0.15
1300,1090,11.0.0.6,11.0.0.15
1300,1091,11.0.0.6,11.0.0.23
1300,1091,11.0.0.6,11.0.0.23
1300,1091,11.0.0.6,11.0.0.23
1300,1094,11.0.0.6,11.0.0.23
1300,1094,11.0.0.6,11.0.0.23
1300,1094,11.0.0.6,11.0.0.23
1300,1095,11.0.0.6,11.0.0.15
1300,1095,11.0.0.6,11.0.0.15
1300,1095,11.0.0.6,11.0.0.15
1300,1096,11.0.0.6,11.0.0.15
1300,1098,11.0.0.6,11.0.0.23
1300,1101,11.0.0.6,11.0.0.15
1300,1101,11.0.0.6,11.0.0.15
1300,1101,11.0.0.6,11.0.0.15
1300,1102,11.0.0.6,11.0.0.15
1300,1104,11.0.0.6,11.0.0.23
1300,1107,11.0.0.6,11.0.0.16
1300,1107,11.0.0.6,11.0.0.16
1300,1111,11.0.0.6,11.0.0.15
1300,1111,11.0.0.6,11.0.0.15
1300,1114,11.0.0.6,11.0.0.15
1300,1122,11.0.0.6,11.0.0.15
1300,1122,11.0.0.6,11.0.0.15
1300,1122,11.0.0.6,11.0.0.15
1300,1123,11.0.0.6,11.0.0.15
1300,1123,11.0.0.6,11.0.0.15
1300,1123,11.0.0.6,11.0.0.15
1300,1127,11.0.0.6,11.0.0.16
1300,1127,11.0.0.6,11.0.0.16
1300,1131,11.0.0.6,11.0.0.15
1300,1131,11.0.0.6,11.0.0.15
1300,1131,11.0.0.6,11.0.0.15
1300,1133,11.0.0.6,11.0.0.15
1300,1133,11.0.0.6,11.0.0.15
1300,1133,11.0.0.6,11.0.0.15
1300,1134,11.0.0.6,11.0.0.23
1300,1135,11.0.0.6,11.0.0.16
1300,1135,11.0.0.6,11.0.0.16
1300,1135,11.0.0.6,11.0.0.16
1300,1139,11.0.0.6,11.0.0.23
1300,1139,11.0.0.6,11.0.0.23
1300,1141,11.0.0.6,11.0.0.16
1300,1142,11.0.0.6,11.0.0.16
1300,1142,11.0.0.6,11.0.0.16
1300,1142,11.0.0.6,11.0.0.16
1300,1143,11.0.0.6,11.0.0.3
1300,1143,11.0.0.6,11.0.0.3
1300,1144,11.0.0.6,11.0.0.3
1300,1147,11.0.0.6,11.0.0.23
1300,1147,11.0.0.6,11.0.0.23
1300,1148,11.0.0.6,11.0.0.15
1300,1148,11.0.0.6,11.0.0.15
1300,1148,11.0.0.6,11.0.0.15
1300,1149,11.0.0.6,11.0.0.16
1300,1150,11.0.0.6,11.0.0.15
1300,1150,11.0.0.6,11.0.0.15
1300,1150,11.0.0.6,11.0.0.15
1300,1155,11.0.0.6,11.0.0.15
1300,1155,11.0.0.6,11.0.0.15
1300,1155,11.0.0.6,11.0.0.15
1300,1156,11.0.0.6,11.0.0.16
1300,1156,11.0.0.6,11.0.0.16
1300,1156,11.0.0.6,11.0.0.16
1300,1158,11.0.0.6,11.0.0.23
1300,1159,11.0.0.6,11.0.0.15
1300,1159,11.0.0.6,11.0.0.15
1300,1159,11.0.0.6,11.0.0.15
1300,1160,11.0.0.6,11.0.0.3
1300,1160,11.0.0.6,11.0.0.3
1300,1162,11.0.0.6,11.0.0.23
1300,1164,11.0.0.6,11.0.0.23
1300,1164,11.0.0.6,11.0.0.23
1300,1164,11.0.0.6,11.0.0.23
1300,1166,11.0.0.6,11.0.0.16
1300,1166,11.0.0.6,11.0.0.16
1300,1172,11.0.0.6,11.0.0.23
1300,1172,11.0.0.6,11.0.0.23
1300,1172,11.0.0.6,11.0.0.23
1300,1173,11.0.0.6,11.0.0.15
1300,1174,11.0.0.6,11.0.0.23
1300,1174,11.0.0.6,11.0.0.23
1300,1174,11.0.0.6,11.0.0.23
1300,1176,11.0.0.6,11.0.0.3
1300,1176,11.0.0.6,11.0.0.3
1300,1176,11.0.0.6,11.0.0.3
1300,1178,11.0.0.6,11.0.0.23
1300,1179,11.0.0.6,11.0.0.15
1300,1182,11.0.0.6,11.0.0.3
1300,1182,11.0.0.6,11.0.0.3
1300,1185,11.0.0.6,11.0.0.15
1300,1185,11.0.0.6,11.0.0.15
1300,1185,11.0.0.6,11.0.0.15
1300,1186,11.0.0.6,11.0.0.15
1300,1186,11.0.0.6,11.0.0.15
1300,1186,11.0.0.6,11.0.0.15
1300,1188,11.0.0.6,11.0.0.23
1300,1188,11.0.0.6,11.0.0.23
1300,1188,11.0.0.6,11.0.0.23
1300,1190,11.0.0.6,11.0.0.15
1300,1190,11.0.0.6,11.0.0.15
1300,1190,11.0.0.6,11.0.0.15
1300,1192,11.0.0.6,11.0.0.3
1300,1192,11.0.0.6,11.0.0.3
1300,1194,11.0.0.6,11.0.0.23
1300,1194,11.0.0.6,11.0.0.23
1300,1197,11.0.0.6,11.0.0.3
1300,1198,11.0.0.6,11.0.0.15
1300,1199,11.0.0.6,11.0.0.15
1300,1199,11.0.0.6,11.0.0.15
1300,1200,11.0.0.6,11.0.0.3
1300,1200,11.0.0.6,11.0.0.3
1300,1203,11.0.0.6,11.0.0.3
1300,1206,11.0.0.6,11.0.0.3
1300,1206,11.0.0.6,11.0.0.3
1300,1208,11.0.0.6,11.0.0.16
1300,1208,11.0.0.6,11.0.0.16
1300,1210,11.0.0.6,11.0.0.16
1300,1210,11.0.0.6,11.0.0.16
1300,1214,11.0.0.6,11.0.0.15
1300,1214,11.0.0.6,11.0.0.15
1300,1220,11.0.0.6,11.0.0.15
1300,1220,11.0.0.6,11.0.0.15
1300,1221,11.0.0.6,11.0.0.3
1300,1221,11.0.0.6,11.0.0.3
1300,1222,11.0.0.6,11.0.0.15
1300,1222,11.0.0.6,11.0.0.15
1300,1225,11.0.0.6,11.0.0.23
1300,1225,11.0.0.6,11.0.0.23
1300,1225,11.0.0.6,11.0.0.23
1300,1227,11.0.0.6,11.0.0.3
1300,1227,11.0.0.6,11.0.0.3
1300,1227,11.0.0.6,11.0.0.3
1300,1231,11.0.0.6,11.0.0.15
1300,1231,11.0.0.6,11.0.0.15
1300,1231,11.0.0.6,11.0.0.15
1300,1232,11.0.0.6,11.0.0.23
1300,1232,11.0.0.6,11.0.0.23
1300,1234,11.0.0.6,11.0.0.23
1300,1234,11.0.0.6,11.0.0.23
1300,1236,11.0.0.6,11.0.0.23
1300,1238,11.0.0.6,11.0.0.23
1300,1240,11.0.0.6,11.0.0.3
1300,1240,11.0.0.6,11.0.0.3
1300,1241,11.0.0.6,11.0.0.15
1300,1242,11.0.0.6,11.0.0.16
1300,1242,11.0.0.6,11.0.0.16
1300,1244,11.0.0.6,11.0.0.3
1300,1244,11.0.0.6,11.0.0.3
1300,1249,11.0.0.6,11.0.0.3
1300,1249,11.0.0.6,11.0.0.3
1300,1250,11.0.0.6,11.0.0.3
1300,1250,11.0.0.6,11.0.0.3
1300,1251,11.0.0.6,11.0.0.3
1300,1251,11.0.0.6,11.0.0.3
1300,1252,11.0.0.6,11.0.0.3
1300,1252,11.0.0.6,11.0.0.3
1300,1253,11.0.0.6,11.0.0.23
1300,1258,11.0.0.6,11.0.0.23
1300,1258,11.0.0.6,11.0.0.23
1300,1263,11.0.0.6,11.0.0.16
1300,1264,11.0.0.6,11.0.0.23
1300,1264,11.0.0.6,11.0.0.23
1300,1265,11.0.0.6,11.0.0.23
1300,1265,11.0.0.6,11.0.0.23
1300,1265,11.0.0.6,11.0.0.23
1300,1266,11.0.0.6,11.0.0.23
1300,1266,11.0.0.6,11.0.0.23
1300,1269,11.0.0.6,11.0.0.16
1300,1269,11.0.0.6,11.0.0.16
1300,1270,11.0.0.6,11.0.0.16
1300,1270,11.0.0.6,11.0.0.16
1300,1273,11.0.0.6,11.0.0.16
1300,1274,11.0.0.6,11.0.0.16
1300,1274,11.0.0.6,11.0.0.16
1300,1275,11.0.0.6,11.0.0.15
1300,1275,11.0.0.6,11.0.0.15
1300,1276,11.0.0.6,11.0.0.16
1300,1276,11.0.0.6,11.0.0.16
1300,1278,11.0.0.6,11.0.0.16
1300,1278,11.0.0.6,11.0.0.16
1300,1278,11.0.0.6,11.0.0.16
1300,1279,11.0.0.6,11.0.0.23
1300,1279,11.0.0.6,11.0.0.23
1300,1279,11.0.0.6,11.0.0.23
1300,1282,11.0.0.6,11.0.0.3
1300,1282,11.0.0.6,11.0.0.3
1300,1282,11.0.0.6,11.0.0.3
1300,1284,11.0.0.6,11.0.0.23
1300,1284,11.0.0.6,11.0.0.23
1300,1287,11.0.0.6,11.0.0.16
1300,1287,11.0.0.6,11.0.0.16
1300,1290,11.0.0.6,11.0.0.23
1300,1290,11.0.0.6,11.0.0.23
1300,1292,11.0.0.6,11.0.0.3
1300,1292,11.0.0.6,11.0.0.3
1300,1292,11.0.0.6,11.0.0.3
1300,1294,11.0.0.6,11.0.0.15
1300,1295,11.0.0.6,11.0.0.3
1300,1295,11.0.0.6,11.0.0.3
1300,1295,11.0.0.6,11.0.0.3
1300,1297,11.0.0.6,11.0.0.15
1300,1297,11.0.0.6,11.0.0.15
1300,1298,11.0.0.6,11.0.0.3
1300,1298,11.0.0.6,11.0.0.3
1300,1301,11.0.0.6,11.0.0.16
1300,1301,11.0.0.6,11.0.0.16
1300,1302,11.0.0.6,11.0.0.15
1300,1302,11.0.0.6,11.0.0.15
1300,1302,11.0.0.6,11.0.0.15
1300,1304,11.0.0.6,11.0.0.23
1300,1307,11.0.0.6,11.0.0.16
1300,1307,11.0.0.6,11.0.0.16
1300,1307,11.0.0.6,11.0.0.16
1300,1315,11.0.0.6,11.0.0.16
1300,1315,11.0.0.6,11.0.0.16
1300,1318,11.0.0.6,11.0.0.15
1300,1318,11.0.0.6,11.0.0.15
1300,1318,11.0.0.6,11.0.0.15
1300,1319,11.0.0.6,11.0.0.3
1300,1319,11.0.0.6,11.0.0.3
1300,1319,11.0.0.6,11.0.0.3
1300,1320,11.0.0.6,11.0.0.16
1300,1320,11.0.0.6,11.0.0.16
1300,1321,11.0.0.6,11.0.0.16
1300,1321,11.0.0.6,11.0.0.16
1300,1321,11.0.0.6,11.0.0.16
1300,1322,11.0.0.6,11.0.0.15
1300,1324,11.0.0.6,11.0.0.23
1300,1324,11.0.0.6,11.0.0.23
1300,1324,11.0.0.6,11.0.0.23
1300,1325,11.0.0.6,11.0.0.23
1300,1325,11.0.0.6,11.0.0.23
1300,1326,11.0.0.6,11.0.0.16
1300,1328,11.0.0.6,11.0.0.15
1300,1328,11.0.0.6,11.0.0.15
1300,1328,11.0.0.6,11.0.0.15
1300,1329,11.0.0.6,11.0.0.16
1300,1329,11.0.0.6,11.0.0.16
1300,1330,11.0.0.6,11.0.0.15
1300,1332,11.0.0.6,11.0.0.15
1300,1335,11.0.0.6,11.0.0.15
1300,1335,11.0.0.6,11.0.0.15
1300,1336,11.0.0.6,11.0.0.3
1300,1337,11.0.0.6,11.0.0.15
1300,1339,11.0.0.6,11.0.0.23
1300,1339,11.0.0.6,11.0.0.23
1300,1340,11.0.0.6,11.0.0.23
1300,1340,11.0.0.6,11.0.0.23
1300,1341,11.0.0.6,11.0.0.15
1300,1341,11.0.0.6,11.0.0.15
1300,1342,11.0.0.6,11.0.0.15
1300,1342,11.0.0.6,11.0.0.15
1300,1344,11.0.0.6,11.0.0.16
1300,1344,11.0.0.6,11.0.0.16
1300,1345,11.0.0.6,11.0.0.15
1300,1345,11.0.0.6,11.0.0.15
1300,1346,11.0.0.6,11.0.0.3
1300,1346,11.0.0.6,11.0.0.3
1300,1346,11.0.0.6,11.0.0.3
1300,1347,11.0.0.6,11.0.0.3
1300,1347,11.0.0.6,11.0.0.3
1300,1347,11.0.0.6,11.0.0.3
1300,1348,11.0.0.6,11.0.0.15
1300,1350,11.0.0.6,11.0.0.23
1300,1352,11.0.0.6,11.0.0.16
1300,1354,11.0.0.6,11.0.0.3
1300,1356,11.0.0.6,11.0.0.23
1300,1356,11.0.0.6,11.0.0.23
1300,1356,11.0.0.6,11.0.0.23
1300,1357,11.0.0.6,11.0.0.16
1300,1357,11.0.0.6,11.0.0.16
1300,1357,11.0.0.6,11.0.0.16
1300,1358,11.0.0.6,11.0.0.3
1300,1358,11.0.0.6,11.0.0.3
1300,1360,11.0.0.6,11.0.0.23
1300,1360,11.0.0.6,11.0.0.23
1300,1361,11.0.0.6,11.0.0.16
1300,1365,11.0.0.6,11.0.0.23
1300,1365,11.0.0.6,11.0.0.23
1300,1365,11.0.0.6,11.0.0.23
1300,1366,11.0.0.6,11.0.0.16
1300,1366,11.0.0.6,11.0.0.16
1300,1366,11.0.0.6,11.0.0.16
1300,1367,11.0.0.6,11.0.0.23
1300,1367,11.0.0.6,11.0.0.23
1300,1369,11.0.0.6,11.0.0.3
1300,1370,11.0.0.6,11.0.0.3
1300,1370,11.0.0.6,11.0.0.3
1300,1371,11.0.0.6,11.0.0.15
1300,1372,11.0.0.6,11.0.0.23
1300,1372,11.0.0.6,11.0.0.23
1300,1373,11.0.0.6,11.0.0.3
1300,1374,11.0.0.6,11.0.0.15
1300,1374,11.0.0.6,11.0.0.15
1300,1375,11.0.0.6,11.0.0.23
1300,1375,11.0.0.6,11.0.0.23
1300,1375,11.0.0.6,11.0.0.23
1300,1378,11.0.0.6,11.0.0.15
1300,1378,11.0.0.6,11.0.0.15
1300,1378,11.0.0.6,11.0.0.15
1300,1379,11.0.0.6,11.0.0.16
1300,1379,11.0.0.6,11.0.0.16
1300,1382,11.0.0.6,11.0.0.16
1300,1382,11.0.0.6,11.0.0.16
1300,1383,11.0.0.6,11.0.0.3
1300,1389,11.0.0.6,11.0.0.23
1300,1389,11.0.0.6,11.0.0.23
1300,1392,11.0.0.6,11.0.0.23
1300,1400,11.0.0.6,11.0.0.3
1300,1400,11.0.0.6,11.0.0.3
1300,1401,11.0.0.6,11.0.0.3
1300,1401,11.0.0.6,11.0.0.3
1300,1401,11.0.0.6,11.0.0.3
1300,1402,11.0.0.6,11.0.0.16
1300,1402,11.0.0.6,11.0.0.16
1300,1403,11.0.0.6,11.0.0.15
1300,1403,11.0.0.6,11.0.0.15
1300,1403,11.0.0.6,11.0.0.15
1300,1404,11.0.0.6,11.0.0.16
1300,1404,11.0.0.6,11.0.0.16
1300,1405,11.0.0.6,11.0.0.23
1300,1405,11.0.0.6,11.0.0.23
1300,1405,11.0.0.6,11.0.0.23
1300,1407,11.0.0.6,11.0.0.3
1300,1408,11.0.0.6,11.0.0.3
1300,1410,11.0.0.6,11.0.0.16
1300,1410,11.0.0.6,11.0.0.16
1300,1411,11.0.0.6,11.0.0.23
1300,1411,11.0.0.6,11.0.0.23
1300,1412,11.0.0.6,11.0.0.15
1300,1412,11.0.0.6,11.0.0.15
1300,1413,11.0.0.6,11.0.0.23
1300,1413,11.0.0.6,11.0.0.23
1300,1415,11.0.0.6,11.0.0.15
1300,1415,11.0.0.6,11.0.0.15
1300,1417,11.0.0.6,11.0.0.3
1300,1419,11.0.0.6,11.0.0.3
1300,1419,11.0.0.6,11.0.0.3
1300,1419,11.0.0.6,11.0.0.3
1300,1424,11.0.0.6,11.0.0.15
1300,1424,11.0.0.6,11.0.0.15
1300,1426,11.0.0.6,11.0.0.16
1300,1426,11.0.0.6,11.0.0.16
1300,1427,11.0.0.6,11.0.0.16
1300,1427,11.0.0.6,11.0.0.16
1300,1428,11.0.0.6,11.0.0.23
1300,1428,11.0.0.6,11.0.0.23
1300,1430,11.0.0.6,11.0.0.23
1300,1430,11.0.0.6,11.0.0.23
1300,1434,11.0.0.6,11.0.0.3
1300,1434,11.0.0.6,11.0.0.3
1300,1435,11.0.0.6,11.0.0.16
1300,1435,11.0.0.6,11.0.0.16
1300,1435,11.0.0.6,11.0.0.16
1300,1436,11.0.0.6,11.0.0.3
1300,1436,11.0.0.6,11.0.0.3
1300,1436,11.0.0.6,11.0.0.3
1300,1437,11.0.0.6,11.0.0.16
1300,1437,11.0.0.6,11.0.0.16
1300,1437,11.0.0.6,11.0.0.16
1300,1440,11.0.0.6,11.0.0.15
1300,1440,11.0.0.6,11.0.0.15
1300,1440,11.0.0.6,11.0.0.15
1300,1443,11.0.0.6,11.0.0.3
1300,1443,11.0.0.6,11.0.0.3
1300,1444,11.0.0.6,11.0.0.23
1300,1444,11.0.0.6,11.0.0.23
1300,1444,11.0.0.6,11.0.0.23
1300,1445,11.0.0.6,11.0.0.16
1300,1445,11.0.0.6,11.0.0.16
1300,1445,11.0.0.6,11.0.0.16
1300,1449,11.0.0.6,11.0.0.15
1300,1450,11.0.0.6,11.0.0.16
1300,1450,11.0.0.6,11.0.0.16
1300,1451,11.0.0.6,11.0.0.16
1300,1452,11.0.0.6,11.0.0.23
1300,1452,11.0.0.6,11.0.0.23
1300,1452,11.0.0.6,11.0.0.23
1300,1454,11.0.0.6,11.0.0.23
1300,1454,11.0.0.6,11.0.0.23
1300,1456,11.0.0.6,11.0.0.23
1300,1456,11.0.0.6,11.0.0.23
1300,1456,11.0.0.6,11.0.0.23
1300,1457,11.0.0.6,11.0.0.23
1300,1457,11.0.0.6,11.0.0.23
1300,1460,11.0.0.6,11.0.0.23
1300,1461,11.0.0.6,11.0.0.23
1300,1461,11.0.0.6,11.0.0.23
1300,1463,11.0.0.6,11.0.0.15
1300,1463,11.0.0.6,11.0.0.15
1300,1467,11.0.0.6,11.0.0.15
1300,1468,11.0.0.6,11.0.0.23
1300,1469,11.0.0.6,11.0.0.16
1300,1470,11.0.0.6,11.0.0.3
1300,1470,11.0.0.6,11.0.0.3
1300,1470,11.0.0.6,11.0.0.3
1300,1472,11.0.0.6,11.0.0.15
1300,1472,11.0.0.6,11.0.0.15
1300,1473,11.0.0.6,11.0.0.23
1300,1473,11.0.0.6,11.0.0.23
1300,1475,11.0.0.6,11.0.0.15
1300,1475,11.0.0.6,11.0.0.15
1300,1475,11.0.0.6,11.0.0.15
1300,1477,11.0.0.6,11.0.0.15
1300,1477,11.0.0.6,11.0.0.15
1300,1477,11.0.0.6,11.0.0.15
1300,1478,11.0.0.6,11.0.0.15
1300,1478,11.0.0.6,11.0.0.15
1300,1478,11.0.0.6,11.0.0.15
1300,1482,11.0.0.6,11.0.0.16
1300,1482,11.0.0.6,11.0.0.16
1300,1482,11.0.0.6,11.0.0.16
1300,1483,11.0.0.6,11.0.0.3
1300,1483,11.0.0.6,11.0.0.3
1300,1483,11.0.0.6,11.0.0.3
1300,1487,11.0.0.6,11.0.0.23
1300,1487,11.0.0.6,11.0.0.23
1300,1488,11.0.0.6,11.0.0.16
1300,1488,11.0.0.6,11.0.0.16
1300,1489,11.0.0.6,11.0.0.23
1300,1489,11.0.0.6,11.0.0.23
1300,1489,11.0.0.6,11.0.0.23
1300,1490,11.0.0.6,11.0.0.23
1300,1490,11.0.0.6,11.0.0.23
1300,1491,11.0.0.6,11.0.0.16
1300,1493,11.0.0.6,11.0.0.15
1300,1494,11.0.0.6,11.0.0.3
1300,1494,11.0.0.6,11.0.0.3
1300,1494,11.0.0.6,11.0.0.3
1300,1495,11.0.0.6,11.0.0.15
1300,1495,11.0.0.6,11.0.0.15
1300,1495,11.0.0.6,11.0.0.15
1300,1496,11.0.0.6,11.0.0.3
1300,1496,11.0.0.6,11.0.0.3
1300,1499,11.0.0.6,11.0.0.3
1300,1499,11.0.0.6,11.0.0.3
1300,1500,11.0.0.6,11.0.0.15
1300,1500,11.0.0.6,11.0.0.15
1300,1502,11.0.0.6,11.0.0.3
1300,1502,11.0.0.6,11.0.0.3
1300,1504,11.0.0.6,11.0.0.23
1300,1504,11.0.0.6,11.0.0.23
1300,1504,11.0.0.6,11.0.0.23
1300,1505,11.0.0.6,11.0.0.15
1300,1505,11.0.0.6,11.0.0.15
1300,1505,11.0.0.6,11.0.0.15
1300,1506,11.0.0.6,11.0.0.15
1300,1506,11.0.0.6,11.0.0.15
1300,1508,11.0.0.6,11.0.0.3
1300,1508,11.0.0.6,11.0.0.3
1300,1510,11.0.0.6,11.0.0.23
1300,1510,11.0.0.6,11.0.0.23
1300,1511,11.0.0.6,11.0.0.23
1300,1515,11.0.0.6,11.0.0.23
1300,1515,11.0.0.6,11.0.0.23
1300,1515,11.0.0.6,11.0.0.23
1300,1516,11.0.0.6,11.0.0.15
1300,1518,11.0.0.6,11.0.0.16
1300,1518,11.0.0.6,11.0.0.16
1300,1519,11.0.0.6,11.0.0.3
1300,1520,11.0.0.6,11.0.0.15
1300,1524,11.0.0.6,11.0.0.3
1300,1524,11.0.0.6,11.0.0.3
1300,1524,11.0.0.6,11.0.0.3
1300,1528,11.0.0.6,11.0.0.15
1300,1528,11.0.0.6,11.0.0.15
1300,1529,11.0.0.6,11.0.0.16
1300,1529,11.0.0.6,11.0.0.16
1300,1532,11.0.0.6,11.0.0.15
1300,1532,11.0.0.6,11.0.0.15
1300,1535,11.0.0.6,11.0.0.3
1300,1535,11.0.0.6,11.0.0.3
1300,1535,11.0.0.6,11.0.0.3
1300,1538,11.0.0.6,11.0.0.15
1300,1538,11.0.0.6,11.0.0.15
1300,1539,11.0.0.6,11.0.0.16
1300,1543,11.0.0.6,11.0.0.16
1300,1543,11.0.0.6,11.0.0.16
1300,1545,11.0.0.6,11.0.0.3
1300,1548,11.0.0.6,11.0.0.23
1300,1548,11.0.0.6,11.0.0.23
1300,1549,11.0.0.6,11.0.0.15
1300,1549,11.0.0.6,11.0.0.15
1300,1551,11.0.0.6,11.0.0.16
1300,1552,11.0.0.6,11.0.0.23
1300,1552,11.0.0.6,11.0.0.23
1300,1552,11.0.0.6,11.0.0.23
1300,1553,11.0.0.6,11.0.0.23
1300,1553,11.0.0.6,11.0.0.23
1300,1555,11.0.0.6,11.0.0.15
1300,1556,11.0.0.6,11.0.0.3
1300,1556,11.0.0.6,11.0.0.3
1300,1556,11.0.0.6,11.0.0.3
1300,1557,11.0.0.6,11.0.0.16
1300,1557,11.0.0.6,11.0.0.16
1300,1557,11.0.0.6,11.0.0.16
1300,1559,11.0.0.6,11.0.0.23
1300,1559,11.0.0.6,11.0.0.23
1300,1560,11.0.0.6,11.0.0.16
1300,1560,11.0.0.6,11.0.0.16
1300,1561,11.0.0.6,11.0.0.15
1300,1561,11.0.0.6,11.0.0.15
1300,1561,11.0.0.6,11.0.0.15
1300,1566,11.0.0.6,11.0.0.23
1300,1566,11.0.0.6,11.0.0.23
1300,1566,11.0.0.6,11.0.0.23
1300,1567,11.0.0.6,11.0.0.3
1300,1567,11.0.0.6,11.0.0.3
1300,1567,11.0.0.6,11.0.0.3
1300,1568,11.0.0.6,11.0.0.3
1300,1568,11.0.0.6,11.0.0.3
1300,1568,11.0.0.6,11.0.0.3
1300,1569,11.0.0.6,11.0.0.15
1300,1569,11.0.0.6,11.0.0.15
1300,1569,11.0.0.6,11.0.0.15
1300,1578,11.0.0.6,11.0.0.15
1300,1578,11.0.0.6,11.0.0.15
1300,1578,11.0.0.6,11.0.0.15
1300,1579,11.0.0.6,11.0.0.16
1300,1579,11.0.0.6,11.0.0.16
1300,1580,11.0.0.6,11.0.0.15
1300,1581,11.0.0.6,11.0.0.23
1300,1581,11.0.0.6,11.0.0.23
1300,1582,11.0.0.6,11.0.0.16
1300,1582,11.0.0.6,11.0.0.16
1300,1582,11.0.0.6,11.0.0.16
1300,1584,11.0.0.6,11.0.0.16
1300,1584,11.0.0.6,11.0.0.16
1300,1586,11.0.0.6,11.0.0.3
1300,1588,11.0.0.6,11.0.0.23
1300,1588,11.0.0.6,11.0.0.23
1300,1591,11.0.0.6,11.0.0.23
1300,1591,11.0.0.6,11.0.0.23
1300,1593,11.0.0.6,11.0.0.23
1300,1593,11.0.0.6,11.0.0.23
1300,1593,11.0.0.6,11.0.0.23
1300,1595,11.0.0.6,11.0.0.16
1300,1595,11.0.0.6,11.0.0.16
1300,1597,11.0.0.6,11.0.0.16
1300,1601,11.0.0.6,11.0.0.15
1300,1601,11.0.0.6,11.0.0.15
1300,1602,11.0.0.6,11.0.0.23
1300,1602,11.0.0.6,11.0.0.23
1300,1603,11.0.0.6,11.0.0.23
1300,1603,11.0.0.6,11.0.0.23
1300,1607,11.0.0.6,11.0.0.23
1300,1607,11.0.0.6,11.0.0.23
1300,1607,11.0.0.6,11.0.0.23
1300,1614,11.0.0.6,11.0.0.16
1300,1615,11.0.0.6,11.0.0.3
1300,1615,11.0.0.6,11.0.0.3
1300,1617,11.0.0.6,11.0.0.3
1300,1617,11.0.0.6,11.0.0.3
1300,1618,11.0.0.6,11.0.0.16
1300,1618,11.0.0.6,11.0.0.16
1300,1619,11.0.0.6,11.0.0.16
1300,1619,11.0.0.6,11.0.0.16
1300,1619,11.0.0.6,11.0.0.16
1300,1621,11.0.0.6,11.0.0.23
1300,1622,11.0.0.6,11.0.0.16
1300,1623,11.0.0.6,11.0.0.15
1300,1623,11.0.0.6,11.0.0.15
1300,1623,11.0.0.6,11.0.0.15
1300,1626,11.0.0.6,11.0.0.15
1300,1626,11.0.0.6,11.0.0.15
1300,1626,11.0.0.6,11.0.0.15
1300,1629,11.0.0.6,11.0.0.3
1300,1629,11.0.0.6,11.0.0.3
1300,1631,11.0.0.6,11.0.0.16
1300,1631,11.0.0.6,11.0.0.16
1300,1632,11.0.0.6,11.0.0.3
1300,1633,11.0.0.6,11.0.0.3
1300,1634,11.0.0.6,11.0.0.15
1300,1634,11.0.0.6,11.0.0.15
1300,1634,11.0.0.6,11.0.0.15
1300,1637,11.0.0.6,11.0.0.3
1300,1639,11.0.0.6,11.0.0.3
1300,1639,11.0.0.6,11.0.0.3
1300,1639,11.0.0.6,11.0.0.3
1300,1641,11.0.0.6,11.0.0.23
1300,1642,11.0.0.6,11.0.0.23
1300,1642,11.0.0.6,11.0.0.23
1300,1642,11.0.0.6,11.0.0.23
1300,1643,11.0.0.6,11.0.0.3
1300,1643,11.0.0.6,11.0.0.3
1300,1643,11.0.0.6,11.0.0.3
1300,1644,11.0.0.6,11.0.0.3
1300,1644,11.0.0.6,11.0.0.3
1300,1644,11.0.0.6,11.0.0.3
1300,1648,11.0.0.6,11.0.0.23
1300,1648,11.0.0.6,11.0.0.23
1300,1649,11.0.0.6,11.0.0.23
1300,1650,11.0.0.6,11.0.0.16
1300,1651,11.0.0.6,11.0.0.3
1300,1652,11.0.0.6,11.0.0.16
1300,1652,11.0.0.6,11.0.0.16
1300,1654,11.0.0.6,11.0.0.16
1300,1654,11.0.0.6,11.0.0.16
1300,1656,11.0.0.6,11.0.0.23
1300,1656,11.0.0.6,11.0.0.23
1300,1656,11.0.0.6,11.0.0.23
1300,1660,11.0.0.6,11.0.0.15
1300,1661,11.0.0.6,11.0.0.23
1300,1661,11.0.0.6,11.0.0.23
1300,1661,11.0.0.6,11.0.0.23
1300,1663,11.0.0.6,11.0.0.15
1300,1663,11.0.0.6,11.0.0.15
1300,1663,11.0.0.6,11.0.0.15
1300,1665,11.0.0.6,11.0.0.23
1300,1665,11.0.0.6,11.0.0.23
1300,1666,11.0.0.6,11.0.0.23
1300,1666,11.0.0.6,11.0.0.23
1300,1669,11.0.0.6,11.0.0.3
1300,1669,11.0.0.6,11.0.0.3
1300,1669,11.0.0.6,11.0.0.3
1300,1671,11.0.0.6,11.0.0.16
1300,1671,11.0.0.6,11.0.0.16
1300,1671,11.0.0.6,11.0.0.16
1300,1672,11.0.0.6,11.0.0.3
1300,1673,11.0.0.6,11.0.0.15
1300,1673,11.0.0.6,11.0.0.15
1300,1673,11.0.0.6,11.0.0.15
1300,1674,11.0.0.6,11.0.0.16
1300,1674,11.0.0.6,11.0.0.16
1300,1674,11.0.0.6,11.0.0.16
1300,1675,11.0.0.6,11.0.0.23
1300,1675,11.0.0.6,11.0.0.23
1300,1681,11.0.0.6,11.0.0.15
1300,1681,11.0.0.6,11.0.0.15
1300,1682,11.0.0.6,11.0.0.23
1300,1684,11.0.0.6,11.0.0.15
1300,1684,11.0.0.6,11.0.0.15
1300,1686,11.0.0.6,11.0.0.16
1300,1688,11.0.0.6,11.0.0.16
1300,1688,11.0.0.6,11.0.0.16
1300,1688,11.0.0.6,11.0.0.16
1300,1690,11.0.0.6,11.0.0.16
1300,1690,11.0.0.6,11.0.0.16
1300,1692,11.0.0.6,11.0.0.3
1300,1692,11.0.0.6,11.0.0.3
1300,1692,11.0.0.6,11.0.0.3
1300,1694,11.0.0.6,11.0.0.3
1300,1694,11.0.0.6,11.0.0.3
1300,1694,11.0.0.6,11.0.0.3
1300,1695,11.0.0.6,11.0.0.3
1300,1695,11.0.0.6,11.0.0.3
1300,1697,11.0.0.6,11.0.0.16
1300,1697,11.0.0.6,11.0.0.16
1300,1697,11.0.0.6,11.0.0.16
1300,1699,11.0.0.6,11.0.0.16
1300,1709,11.0.0.6,11.0.0.23
1300,1710,11.0.0.6,11.0.0.23
1300,1711,11.0.0.6,11.0.0.3
1300,1711,11.0.0.6,11.0.0.3
1300,1712,11.0.0.6,11.0.0.3
1300,1712,11.0.0.6,11.0.0.3
1300,1713,11.0.0.6,11.0.0.23
1300,1713,11.0.0.6,11.0.0.23
1300,1715,11.0.0.6,11.0.0.23
1300,1715,11.0.0.6,11.0.0.23
1300,1716,11.0.0.6,11.0.0.15
1300,1717,11.0.0.6,11.0.0.3
1300,1717,11.0.0.6,11.0.0.3
1300,1721,11.0.0.6,11.0.0.15
1300,1721,11.0.0.6,11.0.0.15
1300,1721,11.0.0.6,11.0.0.15
1300,1722,11.0.0.6,11.0.0.15
1300,1722,11.0.0.6,11.0.0.15
1300,1722,11.0.0.6,11.0.0.15
1300,1724,11.0.0.6,11.0.0.16
1300,1724,11.0.0.6,11.0.0.16
1300,1724,11.0.0.6,11.0.0.16
1300,1725,11.0.0.6,11.0.0.23
1300,1725,11.0.0.6,11.0.0.23
1300,1725,11.0.0.6,11.0.0.23
1300,1726,11.0.0.6,11.0.0.23
1300,1726,11.0.0.6,11.0.0.23
1300,1726,11.0.0.6,11.0.0.23
1300,1727,11.0.0.6,11.0.0.15
1300,1730,11.0.0.6,11.0.0.3
1300,1730,11.0.0.6,11.0.0.3
1300,1731,11.0.0.6,11.0.0.23
1300,1732,11.0.0.6,11.0.0.15
1300,1732,11.0.0.6,11.0.0.15
1300,1735,11.0.0.6,11.0.0.3
1300,1735,11.0.0.6,11.0.0.3
1300,1735,11.0.0.6,11.0.0.3
1300,1738,11.0.0.6,11.0.0.23
1300,1738,11.0.0.6,11.0.0.23
1300,1739,11.0.0.6,11.0.0.3
1300,1739,11.0.0.6,11.0.0.3
1300,1740,11.0.0.6,11.0.0.16
1300,1740,11.0.0.6,11.0.0.16
1300,1741,11.0.0.6,11.0.0.16
1300,1741,11.0.0.6,11.0.0.16
1300,1743,11.0.0.6,11.0.0.23
1300,1746,11.0.0.6,11.0.0.15
1300,1746,11.0.0.6,11.0.0.15
1300,1747,11.0.0.6,11.0.0.3
1300,1747,11.0.0.6,11.0.0.3
1300,1747,11.0.0.6,11.0.0.3
1300,1748,11.0.0.6,11.0.0.23
1300,1749,11.0.0.6,11.0.0.23
1300,1757,11.0.0.6,11.0.0.16
1300,1757,11.0.0.6,11.0.0.16
1300,1757,11.0.0.6,11.0.0.16
1300,1759,11.0.0.6,11.0.0.23
1300,1759,11.0.0.6,11.0.0.23
1300,1760,11.0.0.6,11.0.0.23
1300,1760,11.0.0.6,11.0.0.23
1300,1763,11.0.0.6,11.0.0.15
1300,1763,11.0.0.6,11.0.0.15
1300,1763,11.0.0.6,11.0.0.15
1300,1764,11.0.0.6,11.0.0.15
1300,1765,11.0.0.6,11.0.0.3
1300,1765,11.0.0.6,11.0.0.3
1300,1766,11.0.0.6,11.0.0.15
1300,1766,11.0.0.6,11.0.0.15
1300,1768,11.0.0.6,11.0.0.3
1300,1768,11.0.0.6,11.0.0.3
1300,1769,11.0.0.6,11.0.0.23
1300,1769,11.0.0.6,11.0.0.23
1300,1769,11.0.0.6,11.0.0.23
1300,1770,11.0.0.6,11.0.0.23
1300,1770,11.0.0.6,11.0.0.23
1300,1770,11.0.0.6,11.0.0.23
1300,1775,11.0.0.6,11.0.0.23
1300,1777,11.0.0.6,11.0.0.15
1300,1778,11.0.0.6,11.0.0.3
1300,1778,11.0.0.6,11.0.0.3
1300,1779,11.0.0.6,11.0.0.23
1300,1779,11.0.0.6,11.0.0.23
1300,1781,11.0.0.6,11.0.0.3
1300,1782,11.0.0.6,11.0.0.23
1300,1782,11.0.0.6,11.0.0.23
1300,1784,11.0.0.6,11.0.0.16
1300,1786,11.0.0.6,11.0.0.3
1300,1786,11.0.0.6,11.0.0.3
1300,1786,11.0.0.6,11.0.0.3
1300,1787,11.0.0.6,11.0.0.15
1300,1787,11.0.0.6,11.0.0.15
1300,1791,11.0.0.6,11.0.0.15
1300,1791,11.0.0.6,11.0.0.15
1300,1792,11.0.0.6,11.0.0.16
1300,1792,11.0.0.6,11.0.0.16
1300,1794,11.0.0.6,11.0.0.3
1300,1794,11.0.0.6,11.0.0.3
1300,1794,11.0.0.6,11.0.0.3
1300,1795,11.0.0.6,11.0.0.23
1300,1802,11.0.0.6,11.0.0.3
1300,1802,11.0.0.6,11.0.0.3
1300,1804,11.0.0.6,11.0.0.15
1300,1804,11.0.0.6,11.0.0.15
1300,1806,11.0.0.6,11.0.0.16
1300,1806,11.0.0.6,11.0.0.16
1300,1806,11.0.0.6,11.0.0.16
1300,1807,11.0.0.6,11.0.0.16
1300,1807,11.0.0.6,11.0.0.16
1300,1807,11.0.0.6,11.0.0.16
1300,1808,11.0.0.6,11.0.0.16
1300,1809,11.0.0.6,11.0.0.23
1300,1811,11.0.0.6,11.0.0.16
1300,1811,11.0.0.6,11.0.0.16
1300,1812,11.0.0.6,11.0.0.3
1300,1813,11.0.0.6,11.0.0.23
1300,1813,11.0.0.6,11.0.0.23
1300,1817,11.0.0.6,11.0.0.3
1300,1817,11.0.0.6,11.0.0.3
1300,1820,11.0.0.6,11.0.0.15
1300,1820,11.0.0.6,11.0.0.15
1300,1821,11.0.0.6,11.0.0.23
1300,1821,11.0.0.6,11.0.0.23
1300,1822,11.0.0.6,11.0.0.16
1300,1822,11.0.0.6,11.0.0.16
1300,1822,11.0.0.6,11.0.0.16
1300,1823,11.0.0.6,11.0.0.15
1300,1823,11.0.0.6,11.0.0.15
1300,1823,11.0.0.6,11.0.0.15
1300,1824,11.0.0.6,11.0.0.15
1300,1824,11.0.0.6,11.0.0.15
1300,1824,11.0.0.6,11.0.0.15
1300,1826,11.0.0.6,11.0.0.23
1300,1826,11.0.0.6,11.0.0.23
1300,1826,11.0.0.6,11.0.0.23
1300,1827,11.0.0.6,11.0.0.23
1300,1827,11.0.0.6,11.0.0.23
1300,1827,11.0.0.6,11.0.0.23
1300,1829,11.0.0.6,11.0.0.15
1300,1829,11.0.0.6,11.0.0.15
1300,1830,11.0.0.6,11.0.0.3
1300,1830,11.0.0.6,11.0.0.3
1300,1831,11.0.0.6,11.0.0.23
1300,1831,11.0.0.6,11.0.0.23
1300,1831,11.0.0.6,11.0.0.23
1300,1833,11.0.0.6,11.0.0.15
1300,1833,11.0.0.6,11.0.0.15
1300,1834,11.0.0.6,11.0.0.3
1300,1835,11.0.0.6,11.0.0.23
1300,1837,11.0.0.6,11.0.0.16
1300,1837,11.0.0.6,11.0.0.16
1300,1838,11.0.0.6,11.0.0.23
1300,1838,11.0.0.6,11.0.0.23
1300,1839,11.0.0.6,11.0.0.3
1300,1839,11.0.0.6,11.0.0.3
1300,1839,11.0.0.6,11.0.0.3
1300,1843,11.0.0.6,11.0.0.15
1300,1843,11.0.0.6,11.0.0.15
1300,1844,11.0.0.6,11.0.0.3
1300,1844,11.0.0.6,11.0.0.3
1300,1848,11.0.0.6,11.0.0.15
1300,1848,11.0.0.6,11.0.0.15
1300,1848,11.0.0.6,11.0.0.15
1300,1850,11.0.0.6,11.0.0.15
1300,1851,11.0.0.6,11.0.0.23
1300,1851,11.0.0.6,11.0.0.23
1300,1851,11.0.0.6,11.0.0.23
1300,1853,11.0.0.6,11.0.0.3
1300,1853,11.0.0.6,11.0.0.3
1300,1853,11.0.0.6,11.0.0.3
1300,1854,11.0.0.6,11.0.0.15
1300,1854,11.0.0.6,11.0.0.15
1300,1856,11.0.0.6,11.0.0.15
1300,1857,11.0.0.6,11.0.0.15
1300,1857,11.0.0.6,11.0.0.15
1300,1860,11.0.0.6,11.0.0.15
1300,1861,11.0.0.6,11.0.0.15
1300,1861,11.0.0.6,11.0.0.15
1300,1861,11.0.0.6,11.0.0.15
1300,1862,11.0.0.6,11.0.0.15
1300,1862,11.0.0.6,11.0.0.15
1300,1863,11.0.0.6,11.0.0.15
1300,1864,11.0.0.6,11.0.0.15
1300,1864,11.0.0.6,11.0.0.15
1300,1865,11.0.0.6,11.0.0.3
1300,1867,11.0.0.6,11.0.0.3
1300,1867,11.0.0.6,11.0.0.3
1300,1868,11.0.0.6,11.0.0.3
1300,1868,11.0.0.6,11.0.0.3
1300,1868,11.0.0.6,11.0.0.3
1300,1870,11.0.0.6,11.0.0.23
1300,1873,11.0.0.6,11.0.0.3
1300,1874,11.0.0.6,11.0.0.23
1300,1874,11.0.0.6,11.0.0.23
1300,1874,11.0.0.6,11.0.0.23
1300,1876,11.0.0.6,11.0.0.3
1300,1876,11.0.0.6,11.0.0.3
1300,1877,11.0.0.6,11.0.0.15
1300,1878,11.0.0.6,11.0.0.16
1300,1878,11.0.0.6,11.0.0.16
1300,1880,11.0.0.6,11.0.0.16
1300,1880,11.0.0.6,11.0.0.16
1300,1881,11.0.0.6,11.0.0.3
1300,1881,11.0.0.6,11.0.0.3
1300,1884,11.0.0.6,11.0.0.16
1300,1885,11.0.0.6,11.0.0.15
1300,1885,11.0.0.6,11.0.0.15
1300,1887,11.0.0.6,11.0.0.23
1300,1887,11.0.0.6,11.0.0.23
1300,1888,11.0.0.6,11.0.0.16
1300,1888,11.0.0.6,11.0.0.16
1300,1897,11.0.0.6,11.0.0.16
1300,1897,11.0.0.6,11.0.0.16
1300,1899,11.0.0.6,11.0.0.23
1300,1899,11.0.0.6,11.0.0.23
1300,1899,11.0.0.6,11.0.0.23
1300,1902,11.0.0.6,11.0.0.16
1300,1902,11.0.0.6,11.0.0.16
1300,1902,11.0.0.6,11.0.0.16
1300,1909,11.0.0.6,11.0.0.23
1300,1911,11.0.0.6,11.0.0.3
1300,1911,11.0.0.6,11.0.0.3
1300,1913,11.0.0.6,11.0.0.16
1300,1913,11.0.0.6,11.0.0.16
1300,1913,11.0.0.6,11.0.0.16
1300,1914,11.0.0.6,11.0.0.23
1300,1914,11.0.0.6,11.0.0.23
1300,1914,11.0.0.6,11.0.0.23
1300,1916,11.0.0.6,11.0.0.3
1300,1916,11.0.0.6,11.0.0.3
1300,1918,11.0.0.6,11.0.0.16
1300,1920,11.0.0.6,11.0.0.15
1300,1921,11.0.0.6,11.0.0.16
1300,1921,11.0.0.6,11.0.0.16
1300,1923,11.0.0.6,11.0.0.3
1300,1923,11.0.0.6,11.0.0.3
1300,1924,11.0.0.6,11.0.0.3
1300,1924,11.0.0.6,11.0.0.3
1300,1926,11.0.0.6,11.0.0.16
1300,1928,11.0.0.6,11.0.0.15
1300,1928,11.0.0.6,11.0.0.15
1300,1928,11.0.0.6,11.0.0.15
1300,1932,11.0.0.6,11.0.0.3
1300,1933,11.0.0.6,11.0.0.15
1300,1933,11.0.0.6,11.0.0.15
1300,1940,11.0.0.6,11.0.0.15
1300,1940,11.0.0.6,11.0.0.15
1300,1940,11.0.0.6,11.0.0.15
1300,1948,11.0.0.6,11.0.0.16
1300,1948,11.0.0.6,11.0.0.16
1300,1955,11.0.0.6,11.0.0.15
1300,1955,11.0.0.6,11.0.0.15
1300,1957,11.0.0.6,11.0.0.16
1300,1957,11.0.0.6,11.0.0.16
1300,1959,11.0.0.6,11.0.0.23
1300,1959,11.0.0.6,11.0.0.23
1300,1960,11.0.0.6,11.0.0.23
1300,1964,11.0.0.6,11.0.0.3
1300,1964,11.0.0.6,11.0.0.3
1300,1964,11.0.0.6,11.0.0.3
1300,1968,11.0.0.6,11.0.0.23
1300,1968,11.0.0.6,11.0.0.23
1300,1968,11.0.0.6,11.0.0.23
1300,1969,11.0.0.6,11.0.0.23
1300,1969,11.0.0.6,11.0.0.23
1300,1969,11.0.0.6,11.0.0.23
1300,1970,11.0.0.6,11.0.0.3
1300,1970,11.0.0.6,11.0.0.3
1300,1971,11.0.0.6,11.0.0.3
1300,1976,11.0.0.6,11.0.0.15
1300,1976,11.0.0.6,11.0.0.15
1300,1978,11.0.0.6,11.0.0.16
1300,1978,11.0.0.6,11.0.0.16
1300,1979,11.0.0.6,11.0.0.15
1300,1981,11.0.0.6,11.0.0.23
1300,1983,11.0.0.6,11.0.0.15
1300,1983,11.0.0.6,11.0.0.15
1300,1988,11.0.0.6,11.0.0.23
1300,1991,11.0.0.6,11.0.0.15
1300,1992,11.0.0.6,11.0.0.23
1300,1992,11.0.0.6,11.0.0.23
1300,1992,11.0.0.6,11.0.0.23
1300,1994,11.0.0.6,11.0.0.15
1300,1994,11.0.0.6,11.0.0.15
1300,2000,11.0.0.6,11.0.0.15
1300,2000,11.0.0.6,11.0.0.15
1300,2000,11.0.0.6,11.0.0.15
1300,2002,11.0.0.6,11.0.0.15
1300,2002,11.0.0.6,11.0.0.15
1300,2003,11.0.0.6,11.0.0.16
1300,2003,11.0.0.6,11.0.0.16
1300,2003,11.0.0.6,11.0.0.16
1300,2004,11.0.0.6,11.0.0.16
1300,2004,11.0.0.6,11.0.0.16
1300,2004,11.0.0.6,11.0.0.16
1300,2005,11.0.0.6,11.0.0.3
1300,2005,11.0.0.6,11.0.0.3
1300,2005,11.0.0.6,11.0.0.3
1300,2006,11.0.0.6,11.0.0.3
1300,2006,11.0.0.6,11.0.0.3
1300,2008,11.0.0.6,11.0.0.15
1300,2008,11.0.0.6,11.0.0.15
1300,2010,11.0.0.6,11.0.0.3
1300,2011,11.0.0.6,11.0.0.16
1300,2011,11.0.0.6,11.0.0.16
1300,2012,11.0.0.6,11.0.0.3
1300,2012,11.0.0.6,11.0.0.3
1300,2013,11.0.0.6,11.0.0.3
1300,2013,11.0.0.6,11.0.0.3
1300,2016,11.0.0.6,11.0.0.3
1300,2016,11.0.0.6,11.0.0.3
1300,2017,11.0.0.6,11.0.0.15
1300,2021,11.0.0.6,11.0.0.16
1300,2022,11.0.0.6,11.0.0.23
1300,2022,11.0.0.6,11.0.0.23
1300,2027,11.0.0.6,11.0.0.3
1300,2027,11.0.0.6,11.0.0.3
1300,2027,11.0.0.6,11.0.0.3
1300,2029,11.0.0.6,11.0.0.23
1300,2029,11.0.0.6,11.0.0.23
1300,2032,11.0.0.6,11.0.0.3
1300,2032,11.0.0.6,11.0.0.3
1300,2037,11.0.0.6,11.0.0.15
1300,2037,11.0.0.6,11.0.0.15
1300,2043,11.0.0.6,11.0.0.3
1300,2048,11.0.0.6,11.0.0.3
1300,2048,11.0.0.6,11.0.0.3
1300,2049,11.0.0.6,11.0.0.23
1300,2049,11.0.0.6,11.0.0.23
1300,2049,11.0.0.6,11.0.0.23
1300,2050,11.0.0.6,11.0.0.16
1300,2050,11.0.0.6,11.0.0.16
1300,2053,11.0.0.6,11.0.0.16
1300,2054,11.0.0.6,11.0.0.15
1300,2054,11.0.0.6,11.0.0.15
1300,2055,11.0.0.6,11.0.0.15
1300,2055,11.0.0.6,11.0.0.15
1300,2056,11.0.0.6,11.0.0.15
1300,2056,11.0.0.6,11.0.0.15
1300,2056,11.0.0.6,11.0.0.15
1300,2059,11.0.0.6,11.0.0.15
1300,2059,11.0.0.6,11.0.0.15
1300,2059,11.0.0.6,11.0.0.15
1300,2062,11.0.0.6,11.0.0.3
1300,2062,11.0.0.6,11.0.0.3
1300,2062,11.0.0.6,11.0.0.3
1300,2063,11.0.0.6,11.0.0.15
1300,2063,11.0.0.6,11.0.0.15
1300,2065,11.0.0.6,11.0.0.23
1300,2065,11.0.0.6,11.0.0.23
1300,2065,11.0.0.6,11.0.0.23
1300,2066,11.0.0.6,11.0.0.23
1300,2068,11.0.0.6,11.0.0.15
1300,2068,11.0.0.6,11.0.0.15
1300,2069,11.0.0.6,11.0.0.23
1300,2069,11.0.0.6,11.0.0.23
1300,2069,11.0.0.6,11.0.0.23
1300,2070,11.0.0.6,11.0.0.3
1300,2070,11.0.0.6,11.0.0.3
1300,2073,11.0.0.6,11.0.0.16
1300,2073,11.0.0.6,11.0.0.16
1300,2073,11.0.0.6,11.0.0.16
1300,2074,11.0.0.6,11.0.0.23
1300,2075,11.0.0.6,11.0.0.15
1300,2075,11.0.0.6,11.0.0.15
1300,2078,11.0.0.6,11.0.0.16
1300,2079,11.0.0.6,11.0.0.15
1300,2079,11.0.0.6,11.0.0.15
1300,2080,11.0.0.6,11.0.0.3
1300,2080,11.0.0.6,11.0.0.3
1300,2081,11.0.0.6,11.0.0.15
1300,2081,11.0.0.6,11.0.0.15
1300,2081,11.0.0.6,11.0.0.15
1300,2082,11.0.0.6,11.0.0.16
1300,2083,11.0.0.6,11.0.0.16
1300,2083,11.0.0.6,11.0.0.16
1300,2085,11.0.0.6,11.0.0.23
1300,2087,11.0.0.6,11.0.0.15
1300,2092,11.0.0.6,11.0.0.23
1300,2092,11.0.0.6,11.0.0.23
1300,2093,11.0.0.6,11.0.0.3
1300,2096,11.0.0.6,11.0.0.16
1300,2096,11.0.0.6,11.0.0.16
1300,2098,11.0.0.6,11.0.0.23
1300,2098,11.0.0.6,11.0.0.23
1300,2102,11.0.0.6,11.0.0.15
1300,2102,11.0.0.6,11.0.0.15
1300,2102,11.0.0.6,11.0.0.15
1300,2103,11.0.0.6,11.0.0.16
1300,2103,11.0.0.6,11.0.0.16
1300,2105,11.0.0.6,11.0.0.16
1300,2105,11.0.0.6,11.0.0.16
1300,2106,11.0.0.6,11.0.0.15
1300,2106,11.0.0.6,11.0.0.15
1300,2108,11.0.0.6,11.0.0.23
1300,2108,11.0.0.6,11.0.0.23
1300,2109,11.0.0.6,11.0.0.23
1300,2109,11.0.0.6,11.0.0.23
1300,2110,11.0.0.6,11.0.0.16
1300,2112,11.0.0.6,11.0.0.3
1300,2113,11.0.0.6,11.0.0.23
1300,2113,11.0.0.6,11.0.0.23
1300,2119,11.0.0.6,11.0.0.3
1300,2119,11.0.0.6,11.0.0.3
1300,2119,11.0.0.6,11.0.0.3
1300,2120,11.0.0.6,11.0.0.15
1300,2120,11.0.0.6,11.0.0.15
1300,2121,11.0.0.6,11.0.0.3
1300,2121,11.0.0.6,11.0.0.3
1300,2121,11.0.0.6,11.0.0.3
1300,2123,11.0.0.6,11.0.0.3
1300,2123,11.0.0.6,11.0.0.3
1300,2124,11.0.0.6,11.0.0.16
1300,2128,11.0.0.6,11.0.0.16
1300,2129,11.0.0.6,11.0.0.15
1300,2132,11.0.0.6,11.0.0.15
1300,2134,11.0.0.6,11.0.0.3
1300,2134,11.0.0.6,11.0.0.3
1300,2135,11.0.0.6,11.0.0.15
1300,2135,11.0.0.6,11.0.0.15
1300,2135,11.0.0.6,11.0.0.15
1300,2137,11.0.0.6,11.0.0.3
1300,2137,11.0.0.6,11.0.0.3
1300,2137,11.0.0.6,11.0.0.3
1300,2138,11.0.0.6,11.0.0.15
1300,2138,11.0.0.6,11.0.0.15
1300,2138,11.0.0.6,11.0.0.15
1300,2142,11.0.0.6,11.0.0.15
1300,2142,11.0.0.6,11.0.0.15
1300,2143,11.0.0.6,11.0.0.16
1300,2144,11.0.0.6,11.0.0.23
1300,2144,11.0.0.6,11.0.0.23
1300,2144,11.0.0.6,11.0.0.23
1300,2145,11.0.0.6,11.0.0.15
1300,2145,11.0.0.6,11.0.0.15
1300,2145,11.0.0.6,11.0.0.15
1300,2146,11.0.0.6,11.0.0.15
1300,2147,11.0.0.6,11.0.0.15
1300,2152,11.0.0.6,11.0.0.3
1300,2152,11.0.0.6,11.0.0.3
1300,2152,11.0.0.6,11.0.0.3
1300,2155,11.0.0.6,11.0.0.3
1300,2155,11.0.0.6,11.0.0.3
1300,2156,11.0.0.6,11.0.0.16
1300,2156,11.0.0.6,11.0.0.16
1300,2159,11.0.0.6,11.0.0.16
1300,2159,11.0.0.6,11.0.0.16
1300,2163,11.0.0.6,11.0.0.3
1300,2163,11.0.0.6,11.0.0.3
1300,2166,11.0.0.6,11.0.0.23
1300,2166,11.0.0.6,11.0.0.23
1300,2166,11.0.0.6,11.0.0.23
1300,2169,11.0.0.6,11.0.0.16
1300,2170,11.0.0.6,11.0.0.16
1300,2170,11.0.0.6,11.0.0.16
1300,2171,11.0.0.6,11.0.0.3
1300,2173,11.0.0.6,11.0.0.16
1300,2173,11.0.0.6,11.0.0.16
1300,2175,11.0.0.6,11.0.0.15
1300,2177,11.0.0.6,11.0.0.16
1300,2177,11.0.0.6,11.0.0.16
1300,2178,11.0.0.6,11.0.0.16
1300,2178,11.0.0.6,11.0.0.16
1300,2179,11.0.0.6,11.0.0.23
1300,2179,11.0.0.6,11.0.0.23
1300,2180,11.0.0.6,11.0.0.3
1300,2182,11.0.0.6,11.0.0.3
1300,2182,11.0.0.6,11.0.0.3
1300,2182,11.0.0.6,11.0.0.3
1300,2183,11.0.0.6,11.0.0.3
1300,2183,11.0.0.6,11.0.0.3
1300,2183,11.0.0.6,11.0.0.3
1300,2186,11.0.0.6,11.0.0.16
1300,2186,11.0.0.6,11.0.0.16
1300,2188,11.0.0.6,11.0.0.16
1300,2188,11.0.0.6,11.0.0.16
1300,2188,11.0.0.6,11.0.0.16
1300,2190,11.0.0.6,11.0.0.3
1300,2190,11.0.0.6,11.0.0.3
1300,2191,11.0.0.6,11.0.0.16
1300,2191,11.0.0.6,11.0.0.16
1300,2191,11.0.0.6,11.0.0.16
1300,2192,11.0.0.6,11.0.0.15
1300,2192,11.0.0.6,11.0.0.15
1300,2193,11.0.0.6,11.0.0.16
1300,2193,11.0.0.6,11.0.0.16
1300,2193,11.0.0.6,11.0.0.16
1300,2200,11.0.0.6,11.0.0.3
1300,2200,11.0.0.6,11.0.0.3
1300,2200,11.0.0.6,11.0.0.3
1300,2201,11.0.0.6,11.0.0.23
1300,2201,11.0.0.6,11.0.0.23
1300,2201,11.0.0.6,11.0.0.23
1300,2203,11.0.0.6,11.0.0.23
1300,2203,11.0.0.6,11.0.0.23
1300,2203,11.0.0.6,11.0.0.23
1300,2204,11.0.0.6,11.0.0.15
1300,2204,11.0.0.6,11.0.0.15
1300,2204,11.0.0.6,11.0.0.15
1300,2209,11.0.0.6,11.0.0.15
1300,2209,11.0.0.6,11.0.0.15
1300,2210,11.0.0.6,11.0.0.15
1300,2213,11.0.0.6,11.0.0.3
1300,2214,11.0.0.6,11.0.0.23
1300,2214,11.0.0.6,11.0.0.23
1300,2215,11.0.0.6,11.0.0.15
1300,2215,11.0.0.6,11.0.0.15
1300,2216,11.0.0.6,11.0.0.23
1300,2216,11.0.0.6,11.0.0.23
1300,2216,11.0.0.6,11.0.0.23
1300,2219,11.0.0.6,11.0.0.15
1300,2222,11.0.0.6,11.0.0.3
1300,2222,11.0.0.6,11.0.0.3
1300,2224,11.0.0.6,11.0.0.3
1300,2226,11.0.0.6,11.0.0.16
1300,2226,11.0.0.6,11.0.0.16
1300,2227,11.0.0.6,11.0.0.15
1300,2227,11.0.0.6,11.0.0.15
1300,2227,11.0.0.6,11.0.0.15
1300,2231,11.0.0.6,11.0.0.3
1300,2231,11.0.0.6,11.0.0.3
1300,2234,11.0.0.6,11.0.0.23
1300,2234,11.0.0.6,11.0.0.23
1300,2244,11.0.0.6,11.0.0.16
1300,2244,11.0.0.6,11.0.0.16
1300,2244,11.0.0.6,11.0.0.16
1300,2245,11.0.0.6,11.0.0.16
1300,2245,11.0.0.6,11.0.0.16
1300,2246,11.0.0.6,11.0.0.3
1300,2246,11.0.0.6,11.0.0.3
1300,2246,11.0.0.6,11.0.0.3
1300,2247,11.0.0.6,11.0.0.16
1300,2248,11.0.0.6,11.0.0.3
1300,2249,11.0.0.6,11.0.0.23
1300,2249,11.0.0.6,11.0.0.23
1300,2249,11.0.0.6,11.0.0.23
1300,2250,11.0.0.6,11.0.0.15
1300,2250,11.0.0.6,11.0.0.15
1300,2251,11.0.0.6,11.0.0.16
1300,2251,11.0.0.6,11.0.0.16
1300,2251,11.0.0.6,11.0.0.16
1300,2252,11.0.0.6,11.0.0.23
1300,2252,11.0.0.6,11.0.0.23
1300,2253,11.0.0.6,11.0.0.23
1300,2254,11.0.0.6,11.0.0.23
1300,2254,11.0.0.6,11.0.0.23
1300,2254,11.0.0.6,11.0.0.23
1300,2255,11.0.0.6,11.0.0.16
1300,2255,11.0.0.6,11.0.0.16
1300,2256,11.0.0.6,11.0.0.15
1300,2256,11.0.0.6,11.0.0.15
1300,2257,11.0.0.6,11.0.0.15
1300,2257,11.0.0.6,11.0.0.15
1300,2260,11.0.0.6,11.0.0.15
1300,2261,11.0.0.6,11.0.0.16
1300,2265,11.0.0.6,11.0.0.23
1300,2265,11.0.0.6,11.0.0.23
1300,2265,11.0.0.6,11.0.0.23
1300,2266,11.0.0.6,11.0.0.16
1300,2266,11.0.0.6,11.0.0.16
1300,2266,11.0.0.6,11.0.0.16
1300,2268,11.0.0.6,11.0.0.16
1300,2268,11.0.0.6,11.0.0.16
1300,2268,11.0.0.6,11.0.0.16
1300,2271,11.0.0.6,11.0.0.23
1300,2271,11.0.0.6,11.0.0.23
1300,2271,11.0.0.6,11.0.0.23
1300,2274,11.0.0.6,11.0.0.3
1300,2274,11.0.0.6,11.0.0.3
1300,2274,11.0.0.6,11.0.0.3
1300,2276,11.0.0.6,11.0.0.3
1300,2276,11.0.0.6,11.0.0.3
1300,2278,11.0.0.6,11.0.0.3
1300,2278,11.0.0.6,11.0.0.3
1300,2278,11.0.0.6,11.0.0.3
1300,2280,11.0.0.6,11.0.0.15
1300,2280,11.0.0.6,11.0.0.15
1300,2280,11.0.0.6,11.0.0.15
1300,2281,11.0.0.6,11.0.0.23
1300,2281,11.0.0.6,11.0.0.23
1300,2283,11.0.0.6,11.0.0.15
1300,2283,11.0.0.6,11.0.0.15
1300,2283,11.0.0.6,11.0.0.15
1300,2287,11.0.0.6,11.0.0.15
1300,2287,11.0.0.6,11.0.0.15
1300,2288,11.0.0.6,11.0.0.15
1300,2288,11.0.0.6,11.0.0.15
1300,2292,11.0.0.6,11.0.0.15
1300,2292,11.0.0.6,11.0.0.15
1300,2294,11.0.0.6,11.0.0.16
1300,2294,11.0.0.6,11.0.0.16
1300,2294,11.0.0.6,11.0.0.16
1300,2296,11.0.0.6,11.0.0.16
1300,2296,11.0.0.6,11.0.0.16
1300,2296,11.0.0.6,11.0.0.16
1300,2298,11.0.0.6,11.0.0.23
1300,2298,11.0.0.6,11.0.0.23
1300,2298,11.0.0.6,11.0.0.23
1300,2299,11.0.0.6,11.0.0.15
1300,2299,11.0.0.6,11.0.0.15
1300,2299,11.0.0.6,11.0.0.15
1300,2300,11.0.0.6,11.0.0.16
1300,2300,11.0.0.6,11.0.0.16
1300,2300,11.0.0.6,11.0.0.16
1300,2301,11.0.0.6,11.0.0.16
1300,2301,11.0.0.6,11.0.0.16
1300,2304,11.0.0.6,11.0.0.23
1300,2304,11.0.0.6,11.0.0.23
1300,2304,11.0.0.6,11.0.0.23
1300,2306,11.0.0.6,11.0.0.16
1300,2306,11.0.0.6,11.0.0.16
1300,2306,11.0.0.6,11.0.0.16
1300,2307,11.0.0.6,11.0.0.15
1300,2307,11.0.0.6,11.0.0.15
1300,2310,11.0.0.6,11.0.0.3
1300,2314,11.0.0.6,11.0.0.3
1300,2323,11.0.0.6,11.0.0.23
1300,2324,11.0.0.6,11.0.0.23
1300,2324,11.0.0.6,11.0.0.23
1300,2324,11.0.0.6,11.0.0.23
1300,2325,11.0.0.6,11.0.0.3
1300,2325,11.0.0.6,11.0.0.3
1300,2327,11.0.0.6,11.0.0.16
1300,2327,11.0.0.6,11.0.0.16
1300,2327,11.0.0.6,11.0.0.16
1300,2328,11.0.0.6,11.0.0.3
1300,2328,11.0.0.6,11.0.0.3
1300,2328,11.0.0.6,11.0.0.3
1300,2330,11.0.0.6,11.0.0.16
1300,2330,11.0.0.6,11.0.0.16
1300,2334,11.0.0.6,11.0.0.15
1300,2334,11.0.0.6,11.0.0.15
1300,2335,11.0.0.6,11.0.0.3
1300,2335,11.0.0.6,11.0.0.3
1300,2336,11.0.0.6,11.0.0.3
1300,2337,11.0.0.6,11.0.0.16
1300,2337,11.0.0.6,11.0.0.16
1300,2339,11.0.0.6,11.0.0.3
1300,2339,11.0.0.6,11.0.0.3
1300,2340,11.0.0.6,11.0.0.15
1300,2340,11.0.0.6,11.0.0.15
1300,2341,11.0.0.6,11.0.0.23
1300,2341,11.0.0.6,11.0.0.23
1300,2341,11.0.0.6,11.0.0.23
1300,2342,11.0.0.6,11.0.0.16
1300,2342,11.0.0.6,11.0.0.16
1300,2346,11.0.0.6,11.0.0.3
1300,2346,11.0.0.6,11.0.0.3
1300,2347,11.0.0.6,11.0.0.15
1300,2349,11.0.0.6,11.0.0.16
1300,2352,11.0.0.6,11.0.0.16
1300,2352,11.0.0.6,11.0.0.16
1300,2353,11.0.0.6,11.0.0.16
1300,2353,11.0.0.6,11.0.0.16
1300,2356,11.0.0.6,11.0.0.16
1300,2356,11.0.0.6,11.0.0.16
1300,2356,11.0.0.6,11.0.0.16
1300,2359,11.0.0.6,11.0.0.16
1300,2359,11.0.0.6,11.0.0.16
1300,2360,11.0.0.6,11.0.0.15
1300,2360,11.0.0.6,11.0.0.15
1300,2362,11.0.0.6,11.0.0.23
1300,2364,11.0.0.6,11.0.0.23
1300,2364,11.0.0.6,11.0.0.23
1300,2366,11.0.0.6,11.0.0.3
1300,2366,11.0.0.6,11.0.0.3
1300,2368,11.0.0.6,11.0.0.3
1300,2368,11.0.0.6,11.0.0.3
1300,2368,11.0.0.6,11.0.0.3
1300,2369,11.0.0.6,11.0.0.3
1300,2370,11.0.0.6,11.0.0.23
1300,2371,11.0.0.6,11.0.0.15
1300,2371,11.0.0.6,11.0.0.15
1300,2376,11.0.0.6,11.0.0.23
1300,2376,11.0.0.6,11.0.0.23
1300,2378,11.0.0.6,11.0.0.23
1300,2378,11.0.0.6,11.0.0.23
1300,2378,11.0.0.6,11.0.0.23
1300,2383,11.0.0.6,11.0.0.23
1300,2383,11.0.0.6,11.0.0.23
1300,2384,11.0.0.6,11.0.0.23
1300,2384,11.0.0.6,11.0.0.23
1300,2384,11.0.0.6,11.0.0.23
1300,2386,11.0.0.6,11.0.0.16
1300,2386,11.0.0.6,11.0.0.16
1300,2388,11.0.0.6,11.0.0.23
1300,2388,11.0.0.6,11.0.0.23
1300,2389,11.0.0.6,11.0.0.3
1300,2390,11.0.0.6,11.0.0.3
1300,2390,11.0.0.6,11.0.0.3
1300,2391,11.0.0.6,11.0.0.3
1300,2397,11.0.0.6,11.0.0.16
1300,2397,11.0.0.6,11.0.0.16
1300,2398,11.0.0.6,11.0.0.23
1300,2398,11.0.0.6,11.0.0.23
1300,2399,11.0.0.6,11.0.0.23
1300,2399,11.0.0.6,11.0.0.23
1300,2401,11.0.0.6,11.0.0.15
1300,2402,11.0.0.6,11.0.0.16
1300,2402,11.0.0.6,11.0.0.16
1300,2403,11.0.0.6,11.0.0.15
1300,2403,11.0.0.6,11.0.0.15
1300,2404,11.0.0.6,11.0.0.15
1300,2405,11.0.0.6,11.0.0.16
1300,2405,11.0.0.6,11.0.0.16
1300,2408,11.0.0.6,11.0.0.15
1300,2408,11.0.0.6,11.0.0.15
1300,2409,11.0.0.6,11.0.0.23
1300,2409,11.0.0.6,11.0.0.23
1300,2411,11.0.0.6,11.0.0.16
1300,2411,11.0.0.6,11.0.0.16
1300,2411,11.0.0.6,11.0.0.16
1300,2413,11.0.0.6,11.0.0.15
1300,2413,11.0.0.6,11.0.0.15
1300,2418,11.0.0.6,11.0.0.15
1300,2418,11.0.0.6,11.0.0.15
1300,2419,11.0.0.6,11.0.0.15
1300,2419,11.0.0.6,11.0.0.15
1300,2419,11.0.0.6,11.0.0.15
1300,2420,11.0.0.6,11.0.0.23
1300,2420,11.0.0.6,11.0.0.23
1300,2420,11.0.0.6,11.0.0.23
1300,2421,11.0.0.6,11.0.0.15
1300,2421,11.0.0.6,11.0.0.15
1300,2421,11.0.0.6,11.0.0.15
1300,2425,11.0.0.6,11.0.0.15
1300,2425,11.0.0.6,11.0.0.15
1300,2426,11.0.0.6,11.0.0.16
1300,2427,11.0.0.6,11.0.0.3
1300,2427,11.0.0.6,11.0.0.3
1300,2428,11.0.0.6,11.0.0.23
1300,2429,11.0.0.6,11.0.0.23
1300,2434,11.0.0.6,11.0.0.16
1300,2434,11.0.0.6,11.0.0.16
1300,2435,11.0.0.6,11.0.0.16
1300,2435,11.0.0.6,11.0.0.16
1300,2440,11.0.0.6,11.0.0.15
1300,2440,11.0.0.6,11.0.0.15
1300,2444,11.0.0.6,11.0.0.3
1300,2450,11.0.0.6,11.0.0.23
1300,2450,11.0.0.6,11.0.0.23
1300,2450,11.0.0.6,11.0.0.23
1300,2451,11.0.0.6,11.0.0.16
1300,2451,11.0.0.6,11.0.0.16
1300,2452,11.0.0.6,11.0.0.16
1300,2452,11.0.0.6,11.0.0.16
1300,2453,11.0.0.6,11.0.0.23
1300,2453,11.0.0.6,11.0.0.23
1300,2453,11.0.0.6,11.0.0.23
1300,2454,11.0.0.6,11.0.0.15
1300,2454,11.0.0.6,11.0.0.15
1300,2454,11.0.0.6,11.0.0.15
1300,2456,11.0.0.6,11.0.0.23
1300,2456,11.0.0.6,11.0.0.23
1300,2457,11.0.0.6,11.0.0.23
1300,2459,11.0.0.6,11.0.0.3
1300,2459,11.0.0.6,11.0.0.3
1300,2459,11.0.0.6,11.0.0.3
1300,2460,11.0.0.6,11.0.0.23
1300,2460,11.0.0.6,11.0.0.23
1300,2464,11.0.0.6,11.0.0.16
1300,2464,11.0.0.6,11.0.0.16
1300,2465,11.0.0.6,11.0.0.16
1300,2468,11.0.0.6,11.0.0.16
1300,2468,11.0.0.6,11.0.0.16
1300,2468,11.0.0.6,11.0.0.16
1300,2470,11.0.0.6,11.0.0.3
1300,2470,11.0.0.6,11.0.0.3
1300,2471,11.0.0.6,11.0.0.16
1300,2471,11.0.0.6,11.0.0.16
1300,2474,11.0.0.6,11.0.0.3
1300,2475,11.0.0.6,11.0.0.16
1300,2477,11.0.0.6,11.0.0.15
1300,2477,11.0.0.6,11.0.0.15
1300,2477,11.0.0.6,11.0.0.15
1300,2478,11.0.0.6,11.0.0.15
1300,2478,11.0.0.6,11.0.0.15
1300,2478,11.0.0.6,11.0.0.15
1300,2479,11.0.0.6,11.0.0.16
1300,2479,11.0.0.6,11.0.0.16
1300,2481,11.0.0.6,11.0.0.16
1300,2481,11.0.0.6,11.0.0.16
1300,2482,11.0.0.6,11.0.0.15
1300,2483,11.0.0.6,11.0.0.3
1300,2483,11.0.0.6,11.0.0.3
1300,2483,11.0.0.6,11.0.0.3
1300,2484,11.0.0.6,11.0.0.23
1300,2484,11.0.0.6,11.0.0.23
1300,2484,11.0.0.6,11.0.0.23
1300,2485,11.0.0.6,11.0.0.16
1300,2485,11.0.0.6,11.0.0.16
1300,2487,11.0.0.6,11.0.0.3
1300,2488,11.0.0.6,11.0.0.3
1300,2488,11.0.0.6,11.0.0.3
1300,2492,11.0.0.6,11.0.0.3
1300,2492,11.0.0.6,11.0.0.3
1300,2492,11.0.0.6,11.0.0.3
1300,2493,11.0.0.6,11.0.0.15
1300,2493,11.0.0.6,11.0.0.15
1300,2494,11.0.0.6,11.0.0.16
1300,2494,11.0.0.6,11.0.0.16
1300,2496,11.0.0.6,11.0.0.15
1300,2498,11.0.0.6,11.0.0.3
1300,2499,11.0.0.6,11.0.0.15
1300,2499,11.0.0.6,11.0.0.15
1300,2500,11.0.0.6,11.0.0.16
1300,2500,11.0.0.6,11.0.0.16
1300,2503,11.0.0.6,11.0.0.16
1300,2503,11.0.0.6,11.0.0.16
1300,2503,11.0.0.6,11.0.0.16
1300,2504,11.0.0.6,11.0.0.16
1300,2504,11.0.0.6,11.0.0.16
1300,2504,11.0.0.6,11.0.0.16
1300,2505,11.0.0.6,11.0.0.16
1300,2505,11.0.0.6,11.0.0.16
1300,2506,11.0.0.6,11.0.0.16
1300,2506,11.0.0.6,11.0.0.16
1300,2506,11.0.0.6,11.0.0.16
1300,2508,11.0.0.6,11.0.0.16
1300,2508,11.0.0.6,11.0.0.16
1300,2509,11.0.0.6,11.0.0.23
1300,2509,11.0.0.6,11.0.0.23
1300,2509,11.0.0.6,11.0.0.23
1300,2510,11.0.0.6,11.0.0.3
1300,2512,11.0.0.6,11.0.0.15
1300,2512,11.0.0.6,11.0.0.15
1300,2512,11.0.0.6,11.0.0.15
1300,2514,11.0.0.6,11.0.0.23
1300,2514,11.0.0.6,11.0.0.23
1300,2514,11.0.0.6,11.0.0.23
1300,2515,11.0.0.6,11.0.0.3
1300,2515,11.0.0.6,11.0.0.3
1300,2518,11.0.0.6,11.0.0.16
1300,2524,11.0.0.6,11.0.0.15
1300,2524,11.0.0.6,11.0.0.15
1300,2527,11.0.0.6,11.0.0.23
1300,2527,11.0.0.6,11.0.0.23
1300,2528,11.0.0.6,11.0.0.3
1300,2528,11.0.0.6,11.0.0.3
1300,2530,11.0.0.6,11.0.0.16
1300,2530,11.0.0.6,11.0.0.16
1300,2530,11.0.0.6,11.0.0.16
1300,2531,11.0.0.6,11.0.0.15
1300,2531,11.0.0.6,11.0.0.15
1300,2531,11.0.0.6,11.0.0.15
1300,2534,11.0.0.6,11.0.0.15
1300,2534,11.0.0.6,11.0.0.15
1300,2535,11.0.0.6,11.0.0.16
1300,2535,11.0.0.6,11.0.0.16
1300,2536,11.0.0.6,11.0.0.3
1300,2536,11.0.0.6,11.0.0.3
1300,2538,11.0.0.6,11.0.0.16
1300,2538,11.0.0.6,11.0.0.16
1300,2538,11.0.0.6,11.0.0.16
1300,2539,11.0.0.6,11.0.0.15
1300,2540,11.0.0.6,11.0.0.3
1300,2541,11.0.0.6,11.0.0.15
1300,2541,11.0.0.6,11.0.0.15
1300,2541,11.0.0.6,11.0.0.15
1300,2545,11.0.0.6,11.0.0.15
1300,2545,11.0.0.6,11.0.0.15
1300,2553,11.0.0.6,11.0.0.16
1300,2553,11.0.0.6,11.0.0.16
1300,2553,11.0.0.6,11.0.0.16
1300,2556,11.0.0.6,11.0.0.23
1300,2556,11.0.0.6,11.0.0.23
1300,2557,11.0.0.6,11.0.0.3
1300,2560,11.0.0.6,11.0.0.23
1300,2560,11.0.0.6,11.0.0.23
1300,2565,11.0.0.6,11.0.0.15
1300,2565,11.0.0.6,11.0.0.15
1300,2565,11.0.0.6,11.0.0.15
1300,2566,11.0.0.6,11.0.0.16
1300,2567,11.0.0.6,11.0.0.16
1300,2567,11.0.0.6,11.0.0.16
1300,2567,11.0.0.6,11.0.0.16
1300,2571,11.0.0.6,11.0.0.23
1300,2571,11.0.0.6,11.0.0.23
1300,2571,11.0.0.6,11.0.0.23
1300,2572,11.0.0.6,11.0.0.23
1300,2572,11.0.0.6,11.0.0.23
1300,2575,11.0.0.6,11.0.0.3
1300,2575,11.0.0.6,11.0.0.3
1300,2576,11.0.0.6,11.0.0.23
1300,2576,11.0.0.6,11.0.0.23
1300,2576,11.0.0.6,11.0.0.23
1300,2582,11.0.0.6,11.0.0.23
1300,2582,11.0.0.6,11.0.0.23
1300,2584,11.0.0.6,11.0.0.16
1300,2584,11.0.0.6,11.0.0.16
1300,2587,11.0.0.6,11.0.0.16
1300,2587,11.0.0.6,11.0.0.16
1300,2587,11.0.0.6,11.0.0.16
1300,2588,11.0.0.6,11.0.0.16
1300,2589,11.0.0.6,11.0.0.23
1300,2589,11.0.0.6,11.0.0.23
1300,2589,11.0.0.6,11.0.0.23
1300,2590,11.0.0.6,11.0.0.3
1300,2590,11.0.0.6,11.0.0.3
1300,2592,11.0.0.6,11.0.0.23
1300,2592,11.0.0.6,11.0.0.23
1300,2592,11.0.0.6,11.0.0.23
1300,2593,11.0.0.6,11.0.0.16
1300,2593,11.0.0.6,11.0.0.16
1300,2594,11.0.0.6,11.0.0.15
1300,2594,11.0.0.6,11.0.0.15
1300,2594,11.0.0.6,11.0.0.15
1300,2595,11.0.0.6,11.0.0.16
1300,2595,11.0.0.6,11.0.0.16
1300,2595,11.0.0.6,11.0.0.16
1300,2597,11.0.0.6,11.0.0.3
1300,2600,11.0.0.6,11.0.0.23
1300,2600,11.0.0.6,11.0.0.23
1300,2601,11.0.0.6,11.0.0.16
1300,2601,11.0.0.6,11.0.0.16
1300,2601,11.0.0.6,11.0.0.16
1300,2603,11.0.0.6,11.0.0.3
1300,2603,11.0.0.6,11.0.0.3
1300,2603,11.0.0.6,11.0.0.3
1300,2604,11.0.0.6,11.0.0.3
1300,2604,11.0.0.6,11.0.0.3
1300,2605,11.0.0.6,11.0.0.15
1300,2605,11.0.0.6,11.0.0.15
1300,2605,11.0.0.6,11.0.0.15
1300,2608,11.0.0.6,11.0.0.3
1300,2608,11.0.0.6,11.0.0.3
1300,2609,11.0.0.6,11.0.0.16
1300,2611,11.0.0.6,11.0.0.15
1300,2611,11.0.0.6,11.0.0.15
1300,2613,11.0.0.6,11.0.0.15
1300,2613,11.0.0.6,11.0.0.15
1300,2614,11.0.0.6,11.0.0.15
1300,2617,11.0.0.6,11.0.0.15
1300,2617,11.0.0.6,11.0.0.15
1300,2618,11.0.0.6,11.0.0.15
1300,2618,11.0.0.6,11.0.0.15
1300,2623,11.0.0.6,11.0.0.16
1300,2623,11.0.0.6,11.0.0.16
1300,2624,11.0.0.6,11.0.0.15
1300,2624,11.0.0.6,11.0.0.15
1300,2625,11.0.0.6,11.0.0.3
1300,2625,11.0.0.6,11.0.0.3
1300,2625,11.0.0.6,11.0.0.3
1300,2627,11.0.0.6,11.0.0.23
1300,2627,11.0.0.6,11.0.0.23
1300,2629,11.0.0.6,11.0.0.23
1300,2632,11.0.0.6,11.0.0.23
1300,2638,11.0.0.6,11.0.0.3
1300,2639,11.0.0.6,11.0.0.16
1300,2639,11.0.0.6,11.0.0.16
1300,2641,11.0.0.6,11.0.0.15
1300,2641,11.0.0.6,11.0.0.15
1300,2645,11.0.0.6,11.0.0.3
1300,2645,11.0.0.6,11.0.0.3
1300,2647,11.0.0.6,11.0.0.15
1300,2647,11.0.0.6,11.0.0.15
1300,2647,11.0.0.6,11.0.0.15
1300,2648,11.0.0.6,11.0.0.15
1300,2648,11.0.0.6,11.0.0.15
1300,2650,11.0.0.6,11.0.0.3
1300,2650,11.0.0.6,11.0.0.3
1300,2652,11.0.0.6,11.0.0.15
1300,2652,11.0.0.6,11.0.0.15
1300,2654,11.0.0.6,11.0.0.16
1300,2654,11.0.0.6,11.0.0.16
1300,2654,11.0.0.6,11.0.0.16
1300,2656,11.0.0.6,11.0.0.3
1300,2656,11.0.0.6,11.0.0.3
1300,2657,11.0.0.6,11.0.0.3
1300,2657,11.0.0.6,11.0.0.3
1300,2658,11.0.0.6,11.0.0.15
1300,2658,11.0.0.6,11.0.0.15
1300,2658,11.0.0.6,11.0.0.15
1300,2660,11.0.0.6,11.0.0.3
1300,2660,11.0.0.6,11.0.0.3
1300,2660,11.0.0.6,11.0.0.3
1300,2662,11.0.0.6,11.0.0.23
1300,2662,11.0.0.6,11.0.0.23
1300,2662,11.0.0.6,11.0.0.23
1300,2663,11.0.0.6,11.0.0.15
1300,2663,11.0.0.6,11.0.0.15
1300,2663,11.0.0.6,11.0.0.15
1300,2665,11.0.0.6,11.0.0.23
1300,2665,11.0.0.6,11.0.0.23
1300,2666,11.0.0.6,11.0.0.23
1300,2666,11.0.0.6,11.0.0.23
1300,2667,11.0.0.6,11.0.0.3
1300,2667,11.0.0.6,11.0.0.3
1300,2667,11.0.0.6,11.0.0.3
1300,2668,11.0.0.6,11.0.0.15
1300,2668,11.0.0.6,11.0.0.15
1300,2668,11.0.0.6,11.0.0.15
1300,2669,11.0.0.6,11.0.0.15
1300,2669,11.0.0.6,11.0.0.15
1300,2669,11.0.0.6,11.0.0.15
1300,2673,11.0.0.6,11.0.0.15
1300,2673,11.0.0.6,11.0.0.15
1300,2675,11.0.0.6,11.0.0.16
1300,2675,11.0.0.6,11.0.0.16
1300,2675,11.0.0.6,11.0.0.16
1300,2676,11.0.0.6,11.0.0.23
1300,2676,11.0.0.6,11.0.0.23
1300,2676,11.0.0.6,11.0.0.23
1300,2678,11.0.0.6,11.0.0.15
1300,2678,11.0.0.6,11.0.0.15
1300,2678,11.0.0.6,11.0.0.15
1300,2681,11.0.0.6,11.0.0.3
1300,2684,11.0.0.6,11.0.0.23
1300,2684,11.0.0.6,11.0.0.23
1300,2685,11.0.0.6,11.0.0.3
1300,2685,11.0.0.6,11.0.0.3
1300,2686,11.0.0.6,11.0.0.23
1300,2686,11.0.0.6,11.0.0.23
1300,2686,11.0.0.6,11.0.0.23
1300,2689,11.0.0.6,11.0.0.15
1300,2689,11.0.0.6,11.0.0.15
1300,2691,11.0.0.6,11.0.0.3
1300,2691,11.0.0.6,11.0.0.3
1300,2691,11.0.0.6,11.0.0.3
1300,2694,11.0.0.6,11.0.0.16
1300,2695,11.0.0.6,11.0.0.3
1300,2695,11.0.0.6,11.0.0.3
1300,2695,11.0.0.6,11.0.0.3
1300,2696,11.0.0.6,11.0.0.23
1300,2696,11.0.0.6,11.0.0.23
1300,2696,11.0.0.6,11.0.0.23
1300,2697,11.0.0.6,11.0.0.16
1300,2698,11.0.0.6,11.0.0.16
1300,2699,11.0.0.6,11.0.0.3
1300,2699,11.0.0.6,11.0.0.3
1300,2700,11.0.0.6,11.0.0.23
1300,2700,11.0.0.6,11.0.0.23
1300,2700,11.0.0.6,11.0.0.23
1300,2701,11.0.0.6,11.0.0.16
1300,2702,11.0.0.6,11.0.0.15
1300,2702,11.0.0.6,11.0.0.15
1300,2702,11.0.0.6,11.0.0.15
1300,2705,11.0.0.6,11.0.0.15
1300,2705,11.0.0.6,11.0.0.15
1300,2706,11.0.0.6,11.0.0.3
1300,2707,11.0.0.6,11.0.0.23
1300,2707,11.0.0.6,11.0.0.23
1300,2707,11.0.0.6,11.0.0.23
1300,2708,11.0.0.6,11.0.0.3
1300,2709,11.0.0.6,11.0.0.3
1300,2710,11.0.0.6,11.0.0.23
1300,2711,11.0.0.6,11.0.0.15
1300,2711,11.0.0.6,11.0.0.15
1300,2711,11.0.0.6,11.0.0.15
1300,2713,11.0.0.6,11.0.0.3
1300,2713,11.0.0.6,11.0.0.3
1300,2714,11.0.0.6,11.0.0.23
1300,2714,11.0.0.6,11.0.0.23
1300,2714,11.0.0.6,11.0.0.23
1300,2715,11.0.0.6,11.0.0.16
1300,2715,11.0.0.6,11.0.0.16
1300,2715,11.0.0.6,11.0.0.16
1300,2716,11.0.0.6,11.0.0.23
1300,2716,11.0.0.6,11.0.0.23
1300,2716,11.0.0.6,11.0.0.23
1300,2718,11.0.0.6,11.0.0.16
1300,2718,11.0.0.6,11.0.0.16
1300,2719,11.0.0.6,11.0.0.16
1300,2719,11.0.0.6,11.0.0.16
1300,2721,11.0.0.6,11.0.0.15
1300,2721,11.0.0.6,11.0.0.15
1300,2721,11.0.0.6,11.0.0.15
1300,2722,11.0.0.6,11.0.0.23
1300,2722,11.0.0.6,11.0.0.23
1300,2723,11.0.0.6,11.0.0.15
1300,2723,11.0.0.6,11.0.0.15
1300,2723,11.0.0.6,11.0.0.15
1300,2733,11.0.0.6,11.0.0.15
1300,2735,11.0.0.6,11.0.0.23
1300,2735,11.0.0.6,11.0.0.23
1300,2736,11.0.0.6,11.0.0.16
1300,2737,11.0.0.6,11.0.0.3
1300,2740,11.0.0.6,11.0.0.16
1300,2740,11.0.0.6,11.0.0.16
1300,2743,11.0.0.6,11.0.0.3
1300,2743,11.0.0.6,11.0.0.3
1300,2744,11.0.0.6,11.0.0.16
1300,2744,11.0.0.6,11.0.0.16
1300,2744,11.0.0.6,11.0.0.16
1300,2745,11.0.0.6,11.0.0.3
1300,2745,11.0.0.6,11.0.0.3
1300,2746,11.0.0.6,11.0.0.15
1300,2746,11.0.0.6,11.0.0.15
1300,2746,11.0.0.6,11.0.0.15
1300,2747,11.0.0.6,11.0.0.15
1300,2749,11.0.0.6,11.0.0.15
1300,2749,11.0.0.6,11.0.0.15
1300,2753,11.0.0.6,11.0.0.3
1300,2753,11.0.0.6,11.0.0.3
1300,2755,11.0.0.6,11.0.0.15
1300,2756,11.0.0.6,11.0.0.3
1300,2756,11.0.0.6,11.0.0.3
1300,2756,11.0.0.6,11.0.0.3
1300,2757,11.0.0.6,11.0.0.23
1300,2757,11.0.0.6,11.0.0.23
1300,2758,11.0.0.6,11.0.0.16
1300,2758,11.0.0.6,11.0.0.16
1300,2762,11.0.0.6,11.0.0.3
1300,2763,11.0.0.6,11.0.0.3
1300,2763,11.0.0.6,11.0.0.3
1300,2763,11.0.0.6,11.0.0.3
1300,2765,11.0.0.6,11.0.0.23
1300,2765,11.0.0.6,11.0.0.23
1300,2765,11.0.0.6,11.0.0.23
1300,2766,11.0.0.6,11.0.0.15
1300,2766,11.0.0.6,11.0.0.15
1300,2770,11.0.0.6,11.0.0.15
1300,2770,11.0.0.6,11.0.0.15
1300,2773,11.0.0.6,11.0.0.16
1300,2774,11.0.0.6,11.0.0.15
1300,2774,11.0.0.6,11.0.0.15
1300,2774,11.0.0.6,11.0.0.15
1300,2780,11.0.0.6,11.0.0.16
1300,2780,11.0.0.6,11.0.0.16
1300,2782,11.0.0.6,11.0.0.16
1300,2782,11.0.0.6,11.0.0.16
1300,2784,11.0.0.6,11.0.0.15
1300,2784,11.0.0.6,11.0.0.15
1300,2785,11.0.0.6,11.0.0.16
1300,2785,11.0.0.6,11.0.0.16
1300,2785,11.0.0.6,11.0.0.16
1300,2786,11.0.0.6,11.0.0.23
1300,2789,11.0.0.6,11.0.0.3
1300,2790,11.0.0.6,11.0.0.3
1300,2790,11.0.0.6,11.0.0.3
1300,2790,11.0.0.6,11.0.0.3
1300,2791,11.0.0.6,11.0.0.16
1300,2792,11.0.0.6,11.0.0.3
1300,2792,11.0.0.6,11.0.0.3
1300,2794,11.0.0.6,11.0.0.16
1300,2794,11.0.0.6,11.0.0.16
1300,2794,11.0.0.6,11.0.0.16
1300,2795,11.0.0.6,11.0.0.23
1300,2795,11.0.0.6,11.0.0.23
1300,2797,11.0.0.6,11.0.0.3
1300,2797,11.0.0.6,11.0.0.3
1300,2798,11.0.0.6,11.0.0.23
1300,2798,11.0.0.6,11.0.0.23
1300,2798,11.0.0.6,11.0.0.23
1300,2802,11.0.0.6,11.0.0.23
1300,2802,11.0.0.6,11.0.0.23
1300,2802,11.0.0.6,11.0.0.23
1300,2803,11.0.0.6,11.0.0.3
1300,2804,11.0.0.6,11.0.0.16
1300,2804,11.0.0.6,11.0.0.16
1300,2804,11.0.0.6,11.0.0.16
1300,2805,11.0.0.6,11.0.0.3
1300,2805,11.0.0.6,11.0.0.3
1300,2805,11.0.0.6,11.0.0.3
1300,2806,11.0.0.6,11.0.0.23
1300,2806,11.0.0.6,11.0.0.23
1300,2807,11.0.0.6,11.0.0.16
1300,2807,11.0.0.6,11.0.0.16
1300,2809,11.0.0.6,11.0.0.15
1300,2809,11.0.0.6,11.0.0.15
1300,2810,11.0.0.6,11.0.0.15
1300,2810,11.0.0.6,11.0.0.15
1300,2813,11.0.0.6,11.0.0.15
1300,2813,11.0.0.6,11.0.0.15
1300,2817,11.0.0.6,11.0.0.3
1300,2817,11.0.0.6,11.0.0.3
1300,2818,11.0.0.6,11.0.0.23
1300,2818,11.0.0.6,11.0.0.23
1300,2818,11.0.0.6,11.0.0.23
1300,2819,11.0.0.6,11.0.0.3
1300,2819,11.0.0.6,11.0.0.3
1300,2821,11.0.0.6,11.0.0.23
1300,2821,11.0.0.6,11.0.0.23
1300,2821,11.0.0.6,11.0.0.23
1300,2822,11.0.0.6,11.0.0.15
1300,2822,11.0.0.6,11.0.0.15
1300,2822,11.0.0.6,11.0.0.15
1300,2823,11.0.0.6,11.0.0.16
1300,2823,11.0.0.6,11.0.0.16
1300,2824,11.0.0.6,11.0.0.15
1300,2824,11.0.0.6,11.0.0.15
1300,2824,11.0.0.6,11.0.0.15
1300,2825,11.0.0.6,11.0.0.23
1300,2828,11.0.0.6,11.0.0.3
1300,2829,11.0.0.6,11.0.0.16
1300,2829,11.0.0.6,11.0.0.16
1300,2833,11.0.0.6,11.0.0.16
1300,2833,11.0.0.6,11.0.0.16
1300,2834,11.0.0.6,11.0.0.15
1300,2837,11.0.0.6,11.0.0.3
1300,2837,11.0.0.6,11.0.0.3
1300,2837,11.0.0.6,11.0.0.3
1300,2841,11.0.0.6,11.0.0.3
1300,2843,11.0.0.6,11.0.0.16
1300,2843,11.0.0.6,11.0.0.16
1300,2843,11.0.0.6,11.0.0.16
1300,2847,11.0.0.6,11.0.0.15
1300,2847,11.0.0.6,11.0.0.15
1300,2847,11.0.0.6,11.0.0.15
1300,2848,11.0.0.6,11.0.0.15
1300,2848,11.0.0.6,11.0.0.15
1300,2848,11.0.0.6,11.0.0.15
1300,2851,11.0.0.6,11.0.0.15
1300,2851,11.0.0.6,11.0.0.15
1300,2854,11.0.0.6,11.0.0.15
1300,2855,11.0.0.6,11.0.0.16
1300,2855,11.0.0.6,11.0.0.16
1300,2855,11.0.0.6,11.0.0.16
1300,2856,11.0.0.6,11.0.0.3
1300,2857,11.0.0.6,11.0.0.16
1300,2857,11.0.0.6,11.0.0.16
1300,2857,11.0.0.6,11.0.0.16
1300,2859,11.0.0.6,11.0.0.16
1300,2859,11.0.0.6,11.0.0.16
1300,2860,11.0.0.6,11.0.0.3
1300,2863,11.0.0.6,11.0.0.23
1300,2863,11.0.0.6,11.0.0.23
1300,2864,11.0.0.6,11.0.0.3
1300,2864,11.0.0.6,11.0.0.3
1300,2864,11.0.0.6,11.0.0.3
1300,2865,11.0.0.6,11.0.0.16
1300,2865,11.0.0.6,11.0.0.16
1300,2868,11.0.0.6,11.0.0.23
1300,2868,11.0.0.6,11.0.0.23
1300,2869,11.0.0.6,11.0.0.23
1300,2869,11.0.0.6,11.0.0.23
1300,2869,11.0.0.6,11.0.0.23
1300,2870,11.0.0.6,11.0.0.16
1300,2870,11.0.0.6,11.0.0.16
1300,2870,11.0.0.6,11.0.0.16
1300,2873,11.0.0.6,11.0.0.16
1300,2873,11.0.0.6,11.0.0.16
1300,2873,11.0.0.6,11.0.0.16
1300,2874,11.0.0.6,11.0.0.3
1300,2874,11.0.0.6,11.0.0.3
1300,2874,11.0.0.6,11.0.0.3
1300,2875,11.0.0.6,11.0.0.23
1300,2876,11.0.0.6,11.0.0.23
1300,2876,11.0.0.6,11.0.0.23
1300,2876,11.0.0.6,11.0.0.23
1300,2879,11.0.0.6,11.0.0.16
1300,2879,11.0.0.6,11.0.0.16
1300,2880,11.0.0.6,11.0.0.3
1300,2880,11.0.0.6,11.0.0.3
1300,2880,11.0.0.6,11.0.0.3
1300,2881,11.0.0.6,11.0.0.15
1300,2881,11.0.0.6,11.0.0.15
1300,2881,11.0.0.6,11.0.0.15
1300,2884,11.0.0.6,11.0.0.16
1300,2884,11.0.0.6,11.0.0.16
1300,2886,11.0.0.6,11.0.0.3
1300,2886,11.0.0.6,11.0.0.3
1300,2887,11.0.0.6,11.0.0.16
1300,2887,11.0.0.6,11.0.0.16
1300,2887,11.0.0.6,11.0.0.16
1300,2888,11.0.0.6,11.0.0.23
1300,2888,11.0.0.6,11.0.0.23
1300,2888,11.0.0.6,11.0.0.23
1300,2890,11.0.0.6,11.0.0.16
1300,2890,11.0.0.6,11.0.0.16
1300,2893,11.0.0.6,11.0.0.16
1300,2893,11.0.0.6,11.0.0.16
1300,2893,11.0.0.6,11.0.0.16
1300,2894,11.0.0.6,11.0.0.15
1300,2894,11.0.0.6,11.0.0.15
1300,2894,11.0.0.6,11.0.0.15
1300,2895,11.0.0.6,11.0.0.15
1300,2895,11.0.0.6,11.0.0.15
1300,2896,11.0.0.6,11.0.0.3
1300,2897,11.0.0.6,11.0.0.3
1300,2897,11.0.0.6,11.0.0.3
1300,2898,11.0.0.6,11.0.0.15
1300,2898,11.0.0.6,11.0.0.15
1300,2901,11.0.0.6,11.0.0.3
1300,2901,11.0.0.6,11.0.0.3
1300,2902,11.0.0.6,11.0.0.23
1300,2902,11.0.0.6,11.0.0.23
1300,2902,11.0.0.6,11.0.0.23
1300,2905,11.0.0.6,11.0.0.15
1300,2905,11.0.0.6,11.0.0.15
1300,2906,11.0.0.6,11.0.0.3
1300,2906,11.0.0.6,11.0.0.3
1300,2906,11.0.0.6,11.0.0.3
1300,2909,11.0.0.6,11.0.0.23
1300,2910,11.0.0.6,11.0.0.3
1300,2912,11.0.0.6,11.0.0.15
1300,2913,11.0.0.6,11.0.0.3
1300,2915,11.0.0.6,11.0.0.15
1300,2915,11.0.0.6,11.0.0.15
1300,2918,11.0.0.6,11.0.0.16
1300,2918,11.0.0.6,11.0.0.16
1300,2922,11.0.0.6,11.0.0.23
1300,2922,11.0.0.6,11.0.0.23
1300,2925,11.0.0.6,11.0.0.15
1300,2925,11.0.0.6,11.0.0.15
1300,2929,11.0.0.6,11.0.0.23
1300,2929,11.0.0.6,11.0.0.23
1300,2932,11.0.0.6,11.0.0.16
1300,2932,11.0.0.6,11.0.0.16
1300,2934,11.0.0.6,11.0.0.3
1300,2943,11.0.0.6,11.0.0.16
1300,2944,11.0.0.6,11.0.0.3
1300,2947,11.0.0.6,11.0.0.16
1300,2947,11.0.0.6,11.0.0.16
1300,2948,11.0.0.6,11.0.0.15
1300,2950,11.0.0.6,11.0.0.3
1300,2950,11.0.0.6,11.0.0.3
1300,2950,11.0.0.6,11.0.0.3
1300,2952,11.0.0.6,11.0.0.23
1300,2952,11.0.0.6,11.0.0.23
1300,2952,11.0.0.6,11.0.0.23
1300,2953,11.0.0.6,11.0.0.23
1300,2953,11.0.0.6,11.0.0.23
1300,2953,11.0.0.6,11.0.0.23
1300,2956,11.0.0.6,11.0.0.16
1300,2956,11.0.0.6,11.0.0.16
1300,2959,11.0.0.6,11.0.0.15
1300,2961,11.0.0.6,11.0.0.15
1300,2961,11.0.0.6,11.0.0.15
1300,2961,11.0.0.6,11.0.0.15
1300,2962,11.0.0.6,11.0.0.15
1300,2962,11.0.0.6,11.0.0.15
1300,2963,11.0.0.6,11.0.0.16
1300,2963,11.0.0.6,11.0.0.16
1300,2964,11.0.0.6,11.0.0.16
1300,2964,11.0.0.6,11.0.0.16
1300,2964,11.0.0.6,11.0.0.16
1300,2966,11.0.0.6,11.0.0.15
1300,2966,11.0.0.6,11.0.0.15
1300,2968,11.0.0.6,11.0.0.16
1300,2968,11.0.0.6,11.0.0.16
1300,2968,11.0.0.6,11.0.0.16
1300,2970,11.0.0.6,11.0.0.23
1300,2971,11.0.0.6,11.0.0.23
1300,2971,11.0.0.6,11.0.0.23
1300,2971,11.0.0.6,11.0.0.23
1300,2972,11.0.0.6,11.0.0.23
1300,2972,11.0.0.6,11.0.0.23
1300,2974,11.0.0.6,11.0.0.23
1300,2976,11.0.0.6,11.0.0.15
1300,2976,11.0.0.6,11.0.0.15
1300,2976,11.0.0.6,11.0.0.15
1300,2977,11.0.0.6,11.0.0.3
1300,2977,11.0.0.6,11.0.0.3
1300,2977,11.0.0.6,11.0.0.3
1300,2979,11.0.0.6,11.0.0.3
1300,2983,11.0.0.6,11.0.0.15
1300,2983,11.0.0.6,11.0.0.15
1300,2986,11.0.0.6,11.0.0.3
1300,2986,11.0.0.6,11.0.0.3
1300,2986,11.0.0.6,11.0.0.3
1300,2989,11.0.0.6,11.0.0.16
1300,2989,11.0.0.6,11.0.0.16
1300,2990,11.0.0.6,11.0.0.15
1300,2990,11.0.0.6,11.0.0.15
1300,2991,11.0.0.6,11.0.0.16
1300,2991,11.0.0.6,11.0.0.16
1300,2992,11.0.0.6,11.0.0.3
1300,2992,11.0.0.6,11.0.0.3
1300,2995,11.0.0.6,11.0.0.3
1300,2995,11.0.0.6,11.0.0.3
1300,2995,11.0.0.6,11.0.0.3
