1300,0,11.0.0.8,11.0.0.25
1300,0,11.0.0.8,11.0.0.25
1300,2,11.0.0.8,11.0.0.14
1300,2,11.0.0.8,11.0.0.14
1300,2,11.0.0.8,11.0.0.14
1300,5,11.0.0.8,11.0.0.21
1300,5,11.0.0.8,11.0.0.21
1300,5,11.0.0.8,11.0.0.21
1300,9,11.0.0.8,11.0.0.6
1300,9,11.0.0.8,11.0.0.6
1300,15,11.0.0.8,11.0.0.14
1300,18,11.0.0.8,11.0.0.6
1300,18,11.0.0.8,11.0.0.6
1300,18,11.0.0.8,11.0.0.6
1300,19,11.0.0.8,11.0.0.6
1300,19,11.0.0.8,11.0.0.6
1300,21,11.0.0.8,11.0.0.14
1300,21,11.0.0.8,11.0.0.14
1300,22,11.0.0.8,11.0.0.25
1300,22,11.0.0.8,11.0.0.25
1300,22,11.0.0.8,11.0.0.25
1300,24,11.0.0.8,11.0.0.14
1300,24,11.0.0.8,11.0.0.14
1300,24,11.0.0.8,11.0.0.14
1300,25,11.0.0.8,11.0.0.25
1300,25,11.0.0.8,11.0.0.25
1300,26,11.0.0.8,11.0.0.6
1300,27,11.0.0.8,11.0.0.25
1300,27,11.0.0.8,11.0.0.25
1300,28,11.0.0.8,11.0.0.6
1300,28,11.0.0.8,11.0.0.6
1300,30,11.0.0.8,11.0.0.21
1300,30,11.0.0.8,11.0.0.21
1300,31,11.0.0.8,11.0.0.6
1300,31,11.0.0.8,11.0.0.6
1300,31,11.0.0.8,11.0.0.6
1300,32,11.0.0.8,11.0.0.21
1300,32,11.0.0.8,11.0.0.21
1300,32,11.0.0.8,11.0.0.21
1300,36,11.0.0.8,11.0.0.6
1300,40,11.0.0.8,11.0.0.25
1300,40,11.0.0.8,11.0.0.25
1300,40,11.0.0.8,11.0.0.25
1300,41,11.0.0.8,11.0.0.6
1300,41,11.0.0.8,11.0.0.6
1300,41,11.0.0.8,11.0.0.6
1300,44,11.0.0.8,11.0.0.6
1300,44,11.0.0.8,11.0.0.6
1300,44,11.0.0.8,11.0.0.6
1300,45,11.0.0.8,11.0.0.14
1300,45,11.0.0.8,11.0.0.14
1300,46,11.0.0.8,11.0.0.14
1300,46,11.0.0.8,11.0.0.14
1300,46,11.0.0.8,11.0.0.14
1300,47,11.0.0.8,11.0.0.14
1300,47,11.0.0.8,11.0.0.14
1300,47,11.0.0.8,11.0.0.14
1300,48,11.0.0.8,11.0.0.25
1300,48,11.0.0.8,11.0.0.25
1300,49,11.0.0.8,11.0.0.25
1300,49,11.0.0.8,11.0.0.25
1300,51,11.0.0.8,11.0.0.6
1300,51,11.0.0.8,11.0.0.6
1300,51,11.0.0.8,11.0.0.6
1300,53,11.0.0.8,11.0.0.14
1300,53,11.0.0.8,11.0.0.14
1300,53,11.0.0.8,11.0.0.14
1300,54,11.0.0.8,11.0.0.6
1300,54,11.0.0.8,11.0.0.6
1300,57,11.0.0.8,11.0.0.6
1300,57,11.0.0.8,11.0.0.6
1300,58,11.0.0.8,11.0.0.21
1300,58,11.0.0.8,11.0.0.21
1300,58,11.0.0.8,11.0.0.21
1300,59,11.0.0.8,11.0.0.21
1300,59,11.0.0.8,11.0.0.21
1300,60,11.0.0.8,11.0.0.6
1300,60,11.0.0.8,11.0.0.6
1300,60,11.0.0.8,11.0.0.6
1300,61,11.0.0.8,11.0.0.6
1300,61,11.0.0.8,11.0.0.6
1300,62,11.0.0.8,11.0.0.6
1300,62,11.0.0.8,11.0.0.6
1300,63,11.0.0.8,11.0.0.14
1300,63,11.0.0.8,11.0.0.14
1300,64,11.0.0.8,11.0.0.21
1300,64,11.0.0.8,11.0.0.21
1300,64,11.0.0.8,11.0.0.21
1300,65,11.0.0.8,11.0.0.25
1300,66,11.0.0.8,11.0.0.6
1300,69,11.0.0.8,11.0.0.6
1300,69,11.0.0.8,11.0.0.6
1300,69,11.0.0.8,11.0.0.6
1300,72,11.0.0.8,11.0.0.21
1300,74,11.0.0.8,11.0.0.14
1300,74,11.0.0.8,11.0.0.14
1300,74,11.0.0.8,11.0.0.14
1300,76,11.0.0.8,11.0.0.14
1300,76,11.0.0.8,11.0.0.14
1300,77,11.0.0.8,11.0.0.21
1300,77,11.0.0.8,11.0.0.21
1300,78,11.0.0.8,11.0.0.6
1300,78,11.0.0.8,11.0.0.6
1300,78,11.0.0.8,11.0.0.6
1300,79,11.0.0.8,11.0.0.25
1300,79,11.0.0.8,11.0.0.25
1300,81,11.0.0.8,11.0.0.14
1300,81,11.0.0.8,11.0.0.14
1300,81,11.0.0.8,11.0.0.14
1300,82,11.0.0.8,11.0.0.25
1300,82,11.0.0.8,11.0.0.25
1300,84,11.0.0.8,11.0.0.25
1300,84,11.0.0.8,11.0.0.25
1300,85,11.0.0.8,11.0.0.6
1300,85,11.0.0.8,11.0.0.6
1300,86,11.0.0.8,11.0.0.14
1300,86,11.0.0.8,11.0.0.14
1300,90,11.0.0.8,11.0.0.14
1300,90,11.0.0.8,11.0.0.14
1300,92,11.0.0.8,11.0.0.25
1300,92,11.0.0.8,11.0.0.25
1300,92,11.0.0.8,11.0.0.25
1300,94,11.0.0.8,11.0.0.25
1300,94,11.0.0.8,11.0.0.25
1300,94,11.0.0.8,11.0.0.25
1300,97,11.0.0.8,11.0.0.6
1300,97,11.0.0.8,11.0.0.6
1300,99,11.0.0.8,11.0.0.25
1300,99,11.0.0.8,11.0.0.25
1300,100,11.0.0.8,11.0.0.14
1300,100,11.0.0.8,11.0.0.14
1300,101,11.0.0.8,11.0.0.25
1300,102,11.0.0.8,11.0.0.25
1300,102,11.0.0.8,11.0.0.25
1300,102,11.0.0.8,11.0.0.25
1300,104,11.0.0.8,11.0.0.14
1300,104,11.0.0.8,11.0.0.14
1300,104,11.0.0.8,11.0.0.14
1300,106,11.0.0.8,11.0.0.25
1300,107,11.0.0.8,11.0.0.14
1300,107,11.0.0.8,11.0.0.14
1300,107,11.0.0.8,11.0.0.14
1300,108,11.0.0.8,11.0.0.21
1300,109,11.0.0.8,11.0.0.21
1300,109,11.0.0.8,11.0.0.21
1300,110,11.0.0.8,11.0.0.14
1300,110,11.0.0.8,11.0.0.14
1300,113,11.0.0.8,11.0.0.14
1300,113,11.0.0.8,11.0.0.14
1300,115,11.0.0.8,11.0.0.6
1300,115,11.0.0.8,11.0.0.6
1300,115,11.0.0.8,11.0.0.6
1300,116,11.0.0.8,11.0.0.6
1300,116,11.0.0.8,11.0.0.6
1300,117,11.0.0.8,11.0.0.6
1300,117,11.0.0.8,11.0.0.6
1300,118,11.0.0.8,11.0.0.25
1300,118,11.0.0.8,11.0.0.25
1300,118,11.0.0.8,11.0.0.25
1300,119,11.0.0.8,11.0.0.6
1300,119,11.0.0.8,11.0.0.6
1300,119,11.0.0.8,11.0.0.6
1300,122,11.0.0.8,11.0.0.6
1300,122,11.0.0.8,11.0.0.6
1300,122,11.0.0.8,11.0.0.6
1300,123,11.0.0.8,11.0.0.21
1300,123,11.0.0.8,11.0.0.21
1300,123,11.0.0.8,11.0.0.21
1300,125,11.0.0.8,11.0.0.14
1300,125,11.0.0.8,11.0.0.14
1300,127,11.0.0.8,11.0.0.6
1300,127,11.0.0.8,11.0.0.6
1300,127,11.0.0.8,11.0.0.6
1300,131,11.0.0.8,11.0.0.14
1300,131,11.0.0.8,11.0.0.14
1300,131,11.0.0.8,11.0.0.14
1300,132,11.0.0.8,11.0.0.25
1300,132,11.0.0.8,11.0.0.25
1300,132,11.0.0.8,11.0.0.25
1300,136,11.0.0.8,11.0.0.6
1300,136,11.0.0.8,11.0.0.6
1300,138,11.0.0.8,11.0.0.25
1300,138,11.0.0.8,11.0.0.25
1300,141,11.0.0.8,11.0.0.25
1300,141,11.0.0.8,11.0.0.25
1300,141,11.0.0.8,11.0.0.25
1300,143,11.0.0.8,11.0.0.6
1300,143,11.0.0.8,11.0.0.6
1300,143,11.0.0.8,11.0.0.6
1300,145,11.0.0.8,11.0.0.14
1300,146,11.0.0.8,11.0.0.21
1300,146,11.0.0.8,11.0.0.21
1300,146,11.0.0.8,11.0.0.21
1300,148,11.0.0.8,11.0.0.25
1300,148,11.0.0.8,11.0.0.25
1300,149,11.0.0.8,11.0.0.25
1300,149,11.0.0.8,11.0.0.25
1300,156,11.0.0.8,11.0.0.14
1300,156,11.0.0.8,11.0.0.14
1300,156,11.0.0.8,11.0.0.14
1300,158,11.0.0.8,11.0.0.21
1300,158,11.0.0.8,11.0.0.21
1300,158,11.0.0.8,11.0.0.21
1300,159,11.0.0.8,11.0.0.14
1300,159,11.0.0.8,11.0.0.14
1300,159,11.0.0.8,11.0.0.14
1300,162,11.0.0.8,11.0.0.6
1300,162,11.0.0.8,11.0.0.6
1300,162,11.0.0.8,11.0.0.6
1300,164,11.0.0.8,11.0.0.25
1300,164,11.0.0.8,11.0.0.25
1300,168,11.0.0.8,11.0.0.6
1300,168,11.0.0.8,11.0.0.6
1300,169,11.0.0.8,11.0.0.21
1300,169,11.0.0.8,11.0.0.21
1300,170,11.0.0.8,11.0.0.6
1300,171,11.0.0.8,11.0.0.21
1300,171,11.0.0.8,11.0.0.21
1300,171,11.0.0.8,11.0.0.21
1300,173,11.0.0.8,11.0.0.6
1300,180,11.0.0.8,11.0.0.25
1300,180,11.0.0.8,11.0.0.25
1300,181,11.0.0.8,11.0.0.14
1300,181,11.0.0.8,11.0.0.14
1300,183,11.0.0.8,11.0.0.14
1300,183,11.0.0.8,11.0.0.14
1300,185,11.0.0.8,11.0.0.14
1300,188,11.0.0.8,11.0.0.14
1300,188,11.0.0.8,11.0.0.14
1300,188,11.0.0.8,11.0.0.14
1300,191,11.0.0.8,11.0.0.21
1300,191,11.0.0.8,11.0.0.21
1300,193,11.0.0.8,11.0.0.6
1300,193,11.0.0.8,11.0.0.6
1300,194,11.0.0.8,11.0.0.21
1300,194,11.0.0.8,11.0.0.21
1300,196,11.0.0.8,11.0.0.14
1300,196,11.0.0.8,11.0.0.14
1300,198,11.0.0.8,11.0.0.6
1300,198,11.0.0.8,11.0.0.6
1300,200,11.0.0.8,11.0.0.21
1300,200,11.0.0.8,11.0.0.21
1300,204,11.0.0.8,11.0.0.25
1300,204,11.0.0.8,11.0.0.25
1300,205,11.0.0.8,11.0.0.21
1300,205,11.0.0.8,11.0.0.21
1300,205,11.0.0.8,11.0.0.21
1300,206,11.0.0.8,11.0.0.25
1300,206,11.0.0.8,11.0.0.25
1300,208,11.0.0.8,11.0.0.6
1300,209,11.0.0.8,11.0.0.25
1300,209,11.0.0.8,11.0.0.25
1300,209,11.0.0.8,11.0.0.25
1300,211,11.0.0.8,11.0.0.21
1300,211,11.0.0.8,11.0.0.21
1300,212,11.0.0.8,11.0.0.14
1300,212,11.0.0.8,11.0.0.14
1300,214,11.0.0.8,11.0.0.14
1300,214,11.0.0.8,11.0.0.14
1300,215,11.0.0.8,11.0.0.21
1300,215,11.0.0.8,11.0.0.21
1300,217,11.0.0.8,11.0.0.6
1300,217,11.0.0.8,11.0.0.6
1300,218,11.0.0.8,11.0.0.21
1300,218,11.0.0.8,11.0.0.21
1300,218,11.0.0.8,11.0.0.21
1300,219,11.0.0.8,11.0.0.6
1300,219,11.0.0.8,11.0.0.6
1300,219,11.0.0.8,11.0.0.6
1300,221,11.0.0.8,11.0.0.21
1300,221,11.0.0.8,11.0.0.21
1300,223,11.0.0.8,11.0.0.21
1300,225,11.0.0.8,11.0.0.21
1300,229,11.0.0.8,11.0.0.21
1300,229,11.0.0.8,11.0.0.21
1300,229,11.0.0.8,11.0.0.21
1300,231,11.0.0.8,11.0.0.21
1300,231,11.0.0.8,11.0.0.21
1300,231,11.0.0.8,11.0.0.21
1300,236,11.0.0.8,11.0.0.6
1300,238,11.0.0.8,11.0.0.14
1300,238,11.0.0.8,11.0.0.14
1300,238,11.0.0.8,11.0.0.14
1300,240,11.0.0.8,11.0.0.25
1300,240,11.0.0.8,11.0.0.25
1300,241,11.0.0.8,11.0.0.21
1300,241,11.0.0.8,11.0.0.21
1300,242,11.0.0.8,11.0.0.25
1300,242,11.0.0.8,11.0.0.25
1300,242,11.0.0.8,11.0.0.25
1300,243,11.0.0.8,11.0.0.21
1300,243,11.0.0.8,11.0.0.21
1300,244,11.0.0.8,11.0.0.6
1300,244,11.0.0.8,11.0.0.6
1300,245,11.0.0.8,11.0.0.21
1300,245,11.0.0.8,11.0.0.21
1300,245,11.0.0.8,11.0.0.21
1300,248,11.0.0.8,11.0.0.21
1300,248,11.0.0.8,11.0.0.21
1300,248,11.0.0.8,11.0.0.21
1300,249,11.0.0.8,11.0.0.21
1300,250,11.0.0.8,11.0.0.21
1300,250,11.0.0.8,11.0.0.21
1300,253,11.0.0.8,11.0.0.21
1300,253,11.0.0.8,11.0.0.21
1300,255,11.0.0.8,11.0.0.21
1300,256,11.0.0.8,11.0.0.14
1300,256,11.0.0.8,11.0.0.14
1300,257,11.0.0.8,11.0.0.21
1300,257,11.0.0.8,11.0.0.21
1300,258,11.0.0.8,11.0.0.14
1300,258,11.0.0.8,11.0.0.14
1300,259,11.0.0.8,11.0.0.21
1300,261,11.0.0.8,11.0.0.21
1300,261,11.0.0.8,11.0.0.21
1300,264,11.0.0.8,11.0.0.6
1300,264,11.0.0.8,11.0.0.6
1300,266,11.0.0.8,11.0.0.25
1300,267,11.0.0.8,11.0.0.25
1300,268,11.0.0.8,11.0.0.21
1300,268,11.0.0.8,11.0.0.21
1300,275,11.0.0.8,11.0.0.14
1300,275,11.0.0.8,11.0.0.14
1300,277,11.0.0.8,11.0.0.14
1300,277,11.0.0.8,11.0.0.14
1300,278,11.0.0.8,11.0.0.14
1300,278,11.0.0.8,11.0.0.14
1300,278,11.0.0.8,11.0.0.14
1300,279,11.0.0.8,11.0.0.21
1300,279,11.0.0.8,11.0.0.21
1300,279,11.0.0.8,11.0.0.21
1300,280,11.0.0.8,11.0.0.14
1300,280,11.0.0.8,11.0.0.14
1300,280,11.0.0.8,11.0.0.14
1300,281,11.0.0.8,11.0.0.21
1300,281,11.0.0.8,11.0.0.21
1300,283,11.0.0.8,11.0.0.21
1300,286,11.0.0.8,11.0.0.21
1300,286,11.0.0.8,11.0.0.21
1300,286,11.0.0.8,11.0.0.21
1300,289,11.0.0.8,11.0.0.21
1300,289,11.0.0.8,11.0.0.21
1300,290,11.0.0.8,11.0.0.25
1300,290,11.0.0.8,11.0.0.25
1300,291,11.0.0.8,11.0.0.25
1300,291,11.0.0.8,11.0.0.25
1300,292,11.0.0.8,11.0.0.14
1300,292,11.0.0.8,11.0.0.14
1300,292,11.0.0.8,11.0.0.14
1300,294,11.0.0.8,11.0.0.6
1300,295,11.0.0.8,11.0.0.21
1300,295,11.0.0.8,11.0.0.21
1300,296,11.0.0.8,11.0.0.25
1300,296,11.0.0.8,11.0.0.25
1300,297,11.0.0.8,11.0.0.14
1300,297,11.0.0.8,11.0.0.14
1300,298,11.0.0.8,11.0.0.14
1300,299,11.0.0.8,11.0.0.14
1300,299,11.0.0.8,11.0.0.14
1300,299,11.0.0.8,11.0.0.14
1300,301,11.0.0.8,11.0.0.6
1300,301,11.0.0.8,11.0.0.6
1300,301,11.0.0.8,11.0.0.6
1300,302,11.0.0.8,11.0.0.6
1300,303,11.0.0.8,11.0.0.14
1300,303,11.0.0.8,11.0.0.14
1300,303,11.0.0.8,11.0.0.14
1300,307,11.0.0.8,11.0.0.25
1300,307,11.0.0.8,11.0.0.25
1300,310,11.0.0.8,11.0.0.25
1300,310,11.0.0.8,11.0.0.25
1300,319,11.0.0.8,11.0.0.14
1300,320,11.0.0.8,11.0.0.21
1300,321,11.0.0.8,11.0.0.25
1300,323,11.0.0.8,11.0.0.21
1300,324,11.0.0.8,11.0.0.6
1300,326,11.0.0.8,11.0.0.25
1300,326,11.0.0.8,11.0.0.25
1300,328,11.0.0.8,11.0.0.21
1300,328,11.0.0.8,11.0.0.21
1300,328,11.0.0.8,11.0.0.21
1300,329,11.0.0.8,11.0.0.25
1300,329,11.0.0.8,11.0.0.25
1300,329,11.0.0.8,11.0.0.25
1300,331,11.0.0.8,11.0.0.14
1300,333,11.0.0.8,11.0.0.14
1300,333,11.0.0.8,11.0.0.14
1300,333,11.0.0.8,11.0.0.14
1300,334,11.0.0.8,11.0.0.21
1300,334,11.0.0.8,11.0.0.21
1300,337,11.0.0.8,11.0.0.6
1300,337,11.0.0.8,11.0.0.6
1300,337,11.0.0.8,11.0.0.6
1300,340,11.0.0.8,11.0.0.25
1300,340,11.0.0.8,11.0.0.25
1300,342,11.0.0.8,11.0.0.6
1300,342,11.0.0.8,11.0.0.6
1300,343,11.0.0.8,11.0.0.14
1300,343,11.0.0.8,11.0.0.14
1300,343,11.0.0.8,11.0.0.14
1300,346,11.0.0.8,11.0.0.14
1300,346,11.0.0.8,11.0.0.14
1300,346,11.0.0.8,11.0.0.14
1300,348,11.0.0.8,11.0.0.21
1300,348,11.0.0.8,11.0.0.21
1300,349,11.0.0.8,11.0.0.21
1300,349,11.0.0.8,11.0.0.21
1300,350,11.0.0.8,11.0.0.6
1300,351,11.0.0.8,11.0.0.6
1300,351,11.0.0.8,11.0.0.6
1300,351,11.0.0.8,11.0.0.6
1300,352,11.0.0.8,11.0.0.14
1300,353,11.0.0.8,11.0.0.14
1300,353,11.0.0.8,11.0.0.14
1300,353,11.0.0.8,11.0.0.14
1300,354,11.0.0.8,11.0.0.21
1300,354,11.0.0.8,11.0.0.21
1300,359,11.0.0.8,11.0.0.25
1300,360,11.0.0.8,11.0.0.21
1300,364,11.0.0.8,11.0.0.25
1300,364,11.0.0.8,11.0.0.25
1300,365,11.0.0.8,11.0.0.6
1300,365,11.0.0.8,11.0.0.6
1300,366,11.0.0.8,11.0.0.6
1300,366,11.0.0.8,11.0.0.6
1300,368,11.0.0.8,11.0.0.6
1300,368,11.0.0.8,11.0.0.6
1300,368,11.0.0.8,11.0.0.6
1300,370,11.0.0.8,11.0.0.6
1300,370,11.0.0.8,11.0.0.6
1300,370,11.0.0.8,11.0.0.6
1300,374,11.0.0.8,11.0.0.14
1300,374,11.0.0.8,11.0.0.14
1300,375,11.0.0.8,11.0.0.25
1300,375,11.0.0.8,11.0.0.25
1300,377,11.0.0.8,11.0.0.25
1300,377,11.0.0.8,11.0.0.25
1300,377,11.0.0.8,11.0.0.25
1300,379,11.0.0.8,11.0.0.6
1300,379,11.0.0.8,11.0.0.6
1300,380,11.0.0.8,11.0.0.6
1300,380,11.0.0.8,11.0.0.6
1300,380,11.0.0.8,11.0.0.6
1300,383,11.0.0.8,11.0.0.14
1300,383,11.0.0.8,11.0.0.14
1300,383,11.0.0.8,11.0.0.14
1300,385,11.0.0.8,11.0.0.21
1300,385,11.0.0.8,11.0.0.21
1300,388,11.0.0.8,11.0.0.25
1300,391,11.0.0.8,11.0.0.25
1300,391,11.0.0.8,11.0.0.25
1300,391,11.0.0.8,11.0.0.25
1300,392,11.0.0.8,11.0.0.14
1300,392,11.0.0.8,11.0.0.14
1300,392,11.0.0.8,11.0.0.14
1300,396,11.0.0.8,11.0.0.25
1300,396,11.0.0.8,11.0.0.25
1300,396,11.0.0.8,11.0.0.25
1300,405,11.0.0.8,11.0.0.14
1300,406,11.0.0.8,11.0.0.21
1300,406,11.0.0.8,11.0.0.21
1300,406,11.0.0.8,11.0.0.21
1300,408,11.0.0.8,11.0.0.21
1300,408,11.0.0.8,11.0.0.21
1300,411,11.0.0.8,11.0.0.14
1300,411,11.0.0.8,11.0.0.14
1300,411,11.0.0.8,11.0.0.14
1300,412,11.0.0.8,11.0.0.6
1300,412,11.0.0.8,11.0.0.6
1300,413,11.0.0.8,11.0.0.14
1300,414,11.0.0.8,11.0.0.21
1300,414,11.0.0.8,11.0.0.21
1300,414,11.0.0.8,11.0.0.21
1300,415,11.0.0.8,11.0.0.25
1300,415,11.0.0.8,11.0.0.25
1300,415,11.0.0.8,11.0.0.25
1300,416,11.0.0.8,11.0.0.6
1300,416,11.0.0.8,11.0.0.6
1300,418,11.0.0.8,11.0.0.14
1300,418,11.0.0.8,11.0.0.14
1300,418,11.0.0.8,11.0.0.14
1300,419,11.0.0.8,11.0.0.14
1300,419,11.0.0.8,11.0.0.14
1300,419,11.0.0.8,11.0.0.14
1300,420,11.0.0.8,11.0.0.14
1300,421,11.0.0.8,11.0.0.14
1300,421,11.0.0.8,11.0.0.14
1300,421,11.0.0.8,11.0.0.14
1300,422,11.0.0.8,11.0.0.14
1300,422,11.0.0.8,11.0.0.14
1300,428,11.0.0.8,11.0.0.21
1300,429,11.0.0.8,11.0.0.14
1300,429,11.0.0.8,11.0.0.14
1300,431,11.0.0.8,11.0.0.25
1300,431,11.0.0.8,11.0.0.25
1300,431,11.0.0.8,11.0.0.25
1300,435,11.0.0.8,11.0.0.14
1300,435,11.0.0.8,11.0.0.14
1300,439,11.0.0.8,11.0.0.14
1300,439,11.0.0.8,11.0.0.14
1300,441,11.0.0.8,11.0.0.6
1300,442,11.0.0.8,11.0.0.25
1300,442,11.0.0.8,11.0.0.25
1300,447,11.0.0.8,11.0.0.25
1300,447,11.0.0.8,11.0.0.25
1300,449,11.0.0.8,11.0.0.25
1300,449,11.0.0.8,11.0.0.25
1300,451,11.0.0.8,11.0.0.25
1300,458,11.0.0.8,11.0.0.21
1300,458,11.0.0.8,11.0.0.21
1300,458,11.0.0.8,11.0.0.21
1300,460,11.0.0.8,11.0.0.6
1300,461,11.0.0.8,11.0.0.25
1300,462,11.0.0.8,11.0.0.25
1300,464,11.0.0.8,11.0.0.14
1300,464,11.0.0.8,11.0.0.14
1300,465,11.0.0.8,11.0.0.6
1300,465,11.0.0.8,11.0.0.6
1300,467,11.0.0.8,11.0.0.25
1300,467,11.0.0.8,11.0.0.25
1300,467,11.0.0.8,11.0.0.25
1300,470,11.0.0.8,11.0.0.21
1300,472,11.0.0.8,11.0.0.21
1300,472,11.0.0.8,11.0.0.21
1300,472,11.0.0.8,11.0.0.21
1300,474,11.0.0.8,11.0.0.6
1300,474,11.0.0.8,11.0.0.6
1300,475,11.0.0.8,11.0.0.6
1300,475,11.0.0.8,11.0.0.6
1300,476,11.0.0.8,11.0.0.21
1300,476,11.0.0.8,11.0.0.21
1300,479,11.0.0.8,11.0.0.14
1300,479,11.0.0.8,11.0.0.14
1300,479,11.0.0.8,11.0.0.14
1300,481,11.0.0.8,11.0.0.6
1300,481,11.0.0.8,11.0.0.6
1300,481,11.0.0.8,11.0.0.6
1300,482,11.0.0.8,11.0.0.14
1300,482,11.0.0.8,11.0.0.14
1300,482,11.0.0.8,11.0.0.14
1300,483,11.0.0.8,11.0.0.25
1300,484,11.0.0.8,11.0.0.25
1300,484,11.0.0.8,11.0.0.25
1300,484,11.0.0.8,11.0.0.25
1300,485,11.0.0.8,11.0.0.14
1300,485,11.0.0.8,11.0.0.14
1300,487,11.0.0.8,11.0.0.25
1300,487,11.0.0.8,11.0.0.25
1300,487,11.0.0.8,11.0.0.25
1300,488,11.0.0.8,11.0.0.21
1300,488,11.0.0.8,11.0.0.21
1300,489,11.0.0.8,11.0.0.14
1300,489,11.0.0.8,11.0.0.14
1300,492,11.0.0.8,11.0.0.25
1300,492,11.0.0.8,11.0.0.25
1300,494,11.0.0.8,11.0.0.21
1300,496,11.0.0.8,11.0.0.25
1300,496,11.0.0.8,11.0.0.25
1300,496,11.0.0.8,11.0.0.25
1300,499,11.0.0.8,11.0.0.14
1300,503,11.0.0.8,11.0.0.25
1300,503,11.0.0.8,11.0.0.25
1300,508,11.0.0.8,11.0.0.25
1300,508,11.0.0.8,11.0.0.25
1300,511,11.0.0.8,11.0.0.21
1300,511,11.0.0.8,11.0.0.21
1300,511,11.0.0.8,11.0.0.21
1300,512,11.0.0.8,11.0.0.6
1300,512,11.0.0.8,11.0.0.6
1300,512,11.0.0.8,11.0.0.6
1300,515,11.0.0.8,11.0.0.21
1300,516,11.0.0.8,11.0.0.14
1300,516,11.0.0.8,11.0.0.14
1300,518,11.0.0.8,11.0.0.14
1300,518,11.0.0.8,11.0.0.14
1300,519,11.0.0.8,11.0.0.21
1300,519,11.0.0.8,11.0.0.21
1300,519,11.0.0.8,11.0.0.21
1300,525,11.0.0.8,11.0.0.14
1300,526,11.0.0.8,11.0.0.6
1300,526,11.0.0.8,11.0.0.6
1300,528,11.0.0.8,11.0.0.14
1300,528,11.0.0.8,11.0.0.14
1300,530,11.0.0.8,11.0.0.25
1300,530,11.0.0.8,11.0.0.25
1300,530,11.0.0.8,11.0.0.25
1300,531,11.0.0.8,11.0.0.14
1300,533,11.0.0.8,11.0.0.21
1300,533,11.0.0.8,11.0.0.21
1300,535,11.0.0.8,11.0.0.6
1300,535,11.0.0.8,11.0.0.6
1300,538,11.0.0.8,11.0.0.21
1300,538,11.0.0.8,11.0.0.21
1300,539,11.0.0.8,11.0.0.25
1300,539,11.0.0.8,11.0.0.25
1300,539,11.0.0.8,11.0.0.25
1300,541,11.0.0.8,11.0.0.21
1300,541,11.0.0.8,11.0.0.21
1300,542,11.0.0.8,11.0.0.14
1300,542,11.0.0.8,11.0.0.14
1300,544,11.0.0.8,11.0.0.21
1300,546,11.0.0.8,11.0.0.21
1300,546,11.0.0.8,11.0.0.21
1300,547,11.0.0.8,11.0.0.25
1300,547,11.0.0.8,11.0.0.25
1300,547,11.0.0.8,11.0.0.25
1300,550,11.0.0.8,11.0.0.21
1300,550,11.0.0.8,11.0.0.21
1300,551,11.0.0.8,11.0.0.14
1300,551,11.0.0.8,11.0.0.14
1300,555,11.0.0.8,11.0.0.25
1300,555,11.0.0.8,11.0.0.25
1300,555,11.0.0.8,11.0.0.25
1300,559,11.0.0.8,11.0.0.6
1300,559,11.0.0.8,11.0.0.6
1300,561,11.0.0.8,11.0.0.21
1300,561,11.0.0.8,11.0.0.21
1300,562,11.0.0.8,11.0.0.14
1300,563,11.0.0.8,11.0.0.14
1300,563,11.0.0.8,11.0.0.14
1300,563,11.0.0.8,11.0.0.14
1300,566,11.0.0.8,11.0.0.25
1300,567,11.0.0.8,11.0.0.21
1300,567,11.0.0.8,11.0.0.21
1300,569,11.0.0.8,11.0.0.6
1300,570,11.0.0.8,11.0.0.25
1300,570,11.0.0.8,11.0.0.25
1300,571,11.0.0.8,11.0.0.25
1300,571,11.0.0.8,11.0.0.25
1300,572,11.0.0.8,11.0.0.21
1300,572,11.0.0.8,11.0.0.21
1300,572,11.0.0.8,11.0.0.21
1300,573,11.0.0.8,11.0.0.21
1300,574,11.0.0.8,11.0.0.6
1300,574,11.0.0.8,11.0.0.6
1300,575,11.0.0.8,11.0.0.25
1300,575,11.0.0.8,11.0.0.25
1300,575,11.0.0.8,11.0.0.25
1300,577,11.0.0.8,11.0.0.25
1300,577,11.0.0.8,11.0.0.25
1300,578,11.0.0.8,11.0.0.21
1300,580,11.0.0.8,11.0.0.6
1300,580,11.0.0.8,11.0.0.6
1300,581,11.0.0.8,11.0.0.25
1300,581,11.0.0.8,11.0.0.25
1300,581,11.0.0.8,11.0.0.25
1300,582,11.0.0.8,11.0.0.6
1300,582,11.0.0.8,11.0.0.6
1300,586,11.0.0.8,11.0.0.6
1300,586,11.0.0.8,11.0.0.6
1300,586,11.0.0.8,11.0.0.6
1300,589,11.0.0.8,11.0.0.25
1300,589,11.0.0.8,11.0.0.25
1300,590,11.0.0.8,11.0.0.21
1300,592,11.0.0.8,11.0.0.25
1300,592,11.0.0.8,11.0.0.25
1300,592,11.0.0.8,11.0.0.25
1300,594,11.0.0.8,11.0.0.14
1300,594,11.0.0.8,11.0.0.14
1300,595,11.0.0.8,11.0.0.6
1300,595,11.0.0.8,11.0.0.6
1300,595,11.0.0.8,11.0.0.6
1300,597,11.0.0.8,11.0.0.6
1300,597,11.0.0.8,11.0.0.6
1300,598,11.0.0.8,11.0.0.25
1300,599,11.0.0.8,11.0.0.6
1300,600,11.0.0.8,11.0.0.6
1300,600,11.0.0.8,11.0.0.6
1300,603,11.0.0.8,11.0.0.6
1300,603,11.0.0.8,11.0.0.6
1300,603,11.0.0.8,11.0.0.6
1300,608,11.0.0.8,11.0.0.14
1300,611,11.0.0.8,11.0.0.14
1300,611,11.0.0.8,11.0.0.14
1300,612,11.0.0.8,11.0.0.21
1300,613,11.0.0.8,11.0.0.6
1300,613,11.0.0.8,11.0.0.6
1300,613,11.0.0.8,11.0.0.6
1300,614,11.0.0.8,11.0.0.21
1300,616,11.0.0.8,11.0.0.6
1300,616,11.0.0.8,11.0.0.6
1300,617,11.0.0.8,11.0.0.6
1300,619,11.0.0.8,11.0.0.14
1300,625,11.0.0.8,11.0.0.14
1300,625,11.0.0.8,11.0.0.14
1300,626,11.0.0.8,11.0.0.14
1300,626,11.0.0.8,11.0.0.14
1300,626,11.0.0.8,11.0.0.14
1300,628,11.0.0.8,11.0.0.14
1300,628,11.0.0.8,11.0.0.14
1300,628,11.0.0.8,11.0.0.14
1300,630,11.0.0.8,11.0.0.6
1300,630,11.0.0.8,11.0.0.6
1300,630,11.0.0.8,11.0.0.6
1300,633,11.0.0.8,11.0.0.6
1300,633,11.0.0.8,11.0.0.6
1300,636,11.0.0.8,11.0.0.14
1300,638,11.0.0.8,11.0.0.21
1300,638,11.0.0.8,11.0.0.21
1300,639,11.0.0.8,11.0.0.21
1300,644,11.0.0.8,11.0.0.25
1300,644,11.0.0.8,11.0.0.25
1300,645,11.0.0.8,11.0.0.6
1300,645,11.0.0.8,11.0.0.6
1300,648,11.0.0.8,11.0.0.6
1300,648,11.0.0.8,11.0.0.6
1300,650,11.0.0.8,11.0.0.14
1300,652,11.0.0.8,11.0.0.6
1300,652,11.0.0.8,11.0.0.6
1300,653,11.0.0.8,11.0.0.6
1300,653,11.0.0.8,11.0.0.6
1300,653,11.0.0.8,11.0.0.6
1300,656,11.0.0.8,11.0.0.21
1300,656,11.0.0.8,11.0.0.21
1300,657,11.0.0.8,11.0.0.6
1300,657,11.0.0.8,11.0.0.6
1300,658,11.0.0.8,11.0.0.21
1300,659,11.0.0.8,11.0.0.25
1300,659,11.0.0.8,11.0.0.25
1300,661,11.0.0.8,11.0.0.25
1300,661,11.0.0.8,11.0.0.25
1300,663,11.0.0.8,11.0.0.21
1300,663,11.0.0.8,11.0.0.21
1300,663,11.0.0.8,11.0.0.21
1300,664,11.0.0.8,11.0.0.21
1300,664,11.0.0.8,11.0.0.21
1300,665,11.0.0.8,11.0.0.25
1300,665,11.0.0.8,11.0.0.25
1300,665,11.0.0.8,11.0.0.25
1300,666,11.0.0.8,11.0.0.25
1300,666,11.0.0.8,11.0.0.25
1300,668,11.0.0.8,11.0.0.21
1300,668,11.0.0.8,11.0.0.21
1300,670,11.0.0.8,11.0.0.21
1300,670,11.0.0.8,11.0.0.21
1300,672,11.0.0.8,11.0.0.25
1300,672,11.0.0.8,11.0.0.25
1300,676,11.0.0.8,11.0.0.25
1300,678,11.0.0.8,11.0.0.14
1300,678,11.0.0.8,11.0.0.14
1300,680,11.0.0.8,11.0.0.14
1300,680,11.0.0.8,11.0.0.14
1300,681,11.0.0.8,11.0.0.21
1300,681,11.0.0.8,11.0.0.21
1300,681,11.0.0.8,11.0.0.21
1300,682,11.0.0.8,11.0.0.25
1300,682,11.0.0.8,11.0.0.25
1300,682,11.0.0.8,11.0.0.25
1300,683,11.0.0.8,11.0.0.6
1300,683,11.0.0.8,11.0.0.6
1300,683,11.0.0.8,11.0.0.6
1300,687,11.0.0.8,11.0.0.21
1300,687,11.0.0.8,11.0.0.21
1300,688,11.0.0.8,11.0.0.21
1300,688,11.0.0.8,11.0.0.21
1300,690,11.0.0.8,11.0.0.6
1300,691,11.0.0.8,11.0.0.6
1300,691,11.0.0.8,11.0.0.6
1300,693,11.0.0.8,11.0.0.14
1300,693,11.0.0.8,11.0.0.14
1300,694,11.0.0.8,11.0.0.25
1300,694,11.0.0.8,11.0.0.25
1300,695,11.0.0.8,11.0.0.21
1300,695,11.0.0.8,11.0.0.21
1300,695,11.0.0.8,11.0.0.21
1300,697,11.0.0.8,11.0.0.25
1300,697,11.0.0.8,11.0.0.25
1300,698,11.0.0.8,11.0.0.25
1300,698,11.0.0.8,11.0.0.25
1300,702,11.0.0.8,11.0.0.6
1300,702,11.0.0.8,11.0.0.6
1300,703,11.0.0.8,11.0.0.14
1300,703,11.0.0.8,11.0.0.14
1300,704,11.0.0.8,11.0.0.21
1300,704,11.0.0.8,11.0.0.21
1300,704,11.0.0.8,11.0.0.21
1300,706,11.0.0.8,11.0.0.21
1300,706,11.0.0.8,11.0.0.21
1300,710,11.0.0.8,11.0.0.21
1300,710,11.0.0.8,11.0.0.21
1300,712,11.0.0.8,11.0.0.14
1300,712,11.0.0.8,11.0.0.14
1300,712,11.0.0.8,11.0.0.14
1300,715,11.0.0.8,11.0.0.14
1300,715,11.0.0.8,11.0.0.14
1300,715,11.0.0.8,11.0.0.14
1300,718,11.0.0.8,11.0.0.21
1300,718,11.0.0.8,11.0.0.21
1300,719,11.0.0.8,11.0.0.14
1300,719,11.0.0.8,11.0.0.14
1300,719,11.0.0.8,11.0.0.14
1300,720,11.0.0.8,11.0.0.25
1300,720,11.0.0.8,11.0.0.25
1300,720,11.0.0.8,11.0.0.25
1300,722,11.0.0.8,11.0.0.14
1300,722,11.0.0.8,11.0.0.14
1300,722,11.0.0.8,11.0.0.14
1300,723,11.0.0.8,11.0.0.21
1300,723,11.0.0.8,11.0.0.21
1300,724,11.0.0.8,11.0.0.14
1300,724,11.0.0.8,11.0.0.14
1300,724,11.0.0.8,11.0.0.14
1300,726,11.0.0.8,11.0.0.21
1300,726,11.0.0.8,11.0.0.21
1300,727,11.0.0.8,11.0.0.25
1300,728,11.0.0.8,11.0.0.25
1300,728,11.0.0.8,11.0.0.25
1300,728,11.0.0.8,11.0.0.25
1300,731,11.0.0.8,11.0.0.25
1300,732,11.0.0.8,11.0.0.14
1300,732,11.0.0.8,11.0.0.14
1300,734,11.0.0.8,11.0.0.25
1300,734,11.0.0.8,11.0.0.25
1300,735,11.0.0.8,11.0.0.25
1300,735,11.0.0.8,11.0.0.25
1300,737,11.0.0.8,11.0.0.21
1300,737,11.0.0.8,11.0.0.21
1300,740,11.0.0.8,11.0.0.21
1300,740,11.0.0.8,11.0.0.21
1300,740,11.0.0.8,11.0.0.21
1300,741,11.0.0.8,11.0.0.21
1300,741,11.0.0.8,11.0.0.21
1300,743,11.0.0.8,11.0.0.6
1300,743,11.0.0.8,11.0.0.6
1300,743,11.0.0.8,11.0.0.6
1300,747,11.0.0.8,11.0.0.25
1300,747,11.0.0.8,11.0.0.25
1300,747,11.0.0.8,11.0.0.25
1300,748,11.0.0.8,11.0.0.6
1300,748,11.0.0.8,11.0.0.6
1300,748,11.0.0.8,11.0.0.6
1300,749,11.0.0.8,11.0.0.25
1300,749,11.0.0.8,11.0.0.25
1300,750,11.0.0.8,11.0.0.6
1300,750,11.0.0.8,11.0.0.6
1300,754,11.0.0.8,11.0.0.6
1300,754,11.0.0.8,11.0.0.6
1300,754,11.0.0.8,11.0.0.6
1300,757,11.0.0.8,11.0.0.25
1300,757,11.0.0.8,11.0.0.25
1300,758,11.0.0.8,11.0.0.6
1300,758,11.0.0.8,11.0.0.6
1300,764,11.0.0.8,11.0.0.21
1300,764,11.0.0.8,11.0.0.21
1300,764,11.0.0.8,11.0.0.21
1300,765,11.0.0.8,11.0.0.25
1300,765,11.0.0.8,11.0.0.25
1300,767,11.0.0.8,11.0.0.6
1300,767,11.0.0.8,11.0.0.6
1300,768,11.0.0.8,11.0.0.25
1300,768,11.0.0.8,11.0.0.25
1300,773,11.0.0.8,11.0.0.25
1300,773,11.0.0.8,11.0.0.25
1300,773,11.0.0.8,11.0.0.25
1300,775,11.0.0.8,11.0.0.25
1300,775,11.0.0.8,11.0.0.25
1300,775,11.0.0.8,11.0.0.25
1300,776,11.0.0.8,11.0.0.14
1300,776,11.0.0.8,11.0.0.14
1300,777,11.0.0.8,11.0.0.14
1300,777,11.0.0.8,11.0.0.14
1300,778,11.0.0.8,11.0.0.6
1300,778,11.0.0.8,11.0.0.6
1300,778,11.0.0.8,11.0.0.6
1300,779,11.0.0.8,11.0.0.21
1300,779,11.0.0.8,11.0.0.21
1300,781,11.0.0.8,11.0.0.14
1300,781,11.0.0.8,11.0.0.14
1300,781,11.0.0.8,11.0.0.14
1300,782,11.0.0.8,11.0.0.6
1300,782,11.0.0.8,11.0.0.6
1300,782,11.0.0.8,11.0.0.6
1300,783,11.0.0.8,11.0.0.21
1300,783,11.0.0.8,11.0.0.21
1300,783,11.0.0.8,11.0.0.21
1300,784,11.0.0.8,11.0.0.21
1300,784,11.0.0.8,11.0.0.21
1300,784,11.0.0.8,11.0.0.21
1300,785,11.0.0.8,11.0.0.6
1300,785,11.0.0.8,11.0.0.6
1300,786,11.0.0.8,11.0.0.14
1300,786,11.0.0.8,11.0.0.14
1300,786,11.0.0.8,11.0.0.14
1300,787,11.0.0.8,11.0.0.6
1300,789,11.0.0.8,11.0.0.21
1300,790,11.0.0.8,11.0.0.6
1300,790,11.0.0.8,11.0.0.6
1300,790,11.0.0.8,11.0.0.6
1300,791,11.0.0.8,11.0.0.21
1300,791,11.0.0.8,11.0.0.21
1300,792,11.0.0.8,11.0.0.6
1300,793,11.0.0.8,11.0.0.25
1300,794,11.0.0.8,11.0.0.14
1300,796,11.0.0.8,11.0.0.25
1300,796,11.0.0.8,11.0.0.25
1300,796,11.0.0.8,11.0.0.25
