1300,0,11.0.0.1,11.0.0.25
1300,1,11.0.0.1,11.0.0.6
1300,1,11.0.0.1,11.0.0.6
1300,3,11.0.0.1,11.0.0.25
1300,3,11.0.0.1,11.0.0.25
1300,4,11.0.0.1,11.0.0.6
1300,4,11.0.0.1,11.0.0.6
1300,7,11.0.0.1,11.0.0.6
1300,7,11.0.0.1,11.0.0.6
1300,10,11.0.0.1,11.0.0.2
1300,10,11.0.0.1,11.0.0.2
1300,10,11.0.0.1,11.0.0.2
1300,12,11.0.0.1,11.0.0.6
1300,12,11.0.0.1,11.0.0.6
1300,13,11.0.0.1,11.0.0.25
1300,13,11.0.0.1,11.0.0.25
1300,13,11.0.0.1,11.0.0.25
1300,16,11.0.0.1,11.0.0.2
1300,16,11.0.0.1,11.0.0.2
1300,16,11.0.0.1,11.0.0.2
1300,17,11.0.0.1,11.0.0.25
1300,17,11.0.0.1,11.0.0.25
1300,19,11.0.0.1,11.0.0.25
1300,19,11.0.0.1,11.0.0.25
1300,19,11.0.0.1,11.0.0.25
1300,20,11.0.0.1,11.0.0.15
1300,20,11.0.0.1,11.0.0.15
1300,22,11.0.0.1,11.0.0.2
1300,22,11.0.0.1,11.0.0.2
1300,22,11.0.0.1,11.0.0.2
1300,23,11.0.0.1,11.0.0.6
1300,23,11.0.0.1,11.0.0.6
1300,23,11.0.0.1,11.0.0.6
1300,25,11.0.0.1,11.0.0.2
1300,25,11.0.0.1,11.0.0.2
1300,25,11.0.0.1,11.0.0.2
1300,27,11.0.0.1,11.0.0.25
1300,29,11.0.0.1,11.0.0.15
1300,30,11.0.0.1,11.0.0.2
1300,35,11.0.0.1,11.0.0.25
1300,35,11.0.0.1,11.0.0.25
1300,35,11.0.0.1,11.0.0.25
1300,37,11.0.0.1,11.0.0.6
1300,37,11.0.0.1,11.0.0.6
1300,37,11.0.0.1,11.0.0.6
1300,39,11.0.0.1,11.0.0.15
1300,40,11.0.0.1,11.0.0.25
1300,40,11.0.0.1,11.0.0.25
1300,40,11.0.0.1,11.0.0.25
1300,42,11.0.0.1,11.0.0.15
1300,42,11.0.0.1,11.0.0.15
1300,42,11.0.0.1,11.0.0.15
1300,43,11.0.0.1,11.0.0.25
1300,45,11.0.0.1,11.0.0.2
1300,45,11.0.0.1,11.0.0.2
1300,46,11.0.0.1,11.0.0.15
1300,46,11.0.0.1,11.0.0.15
1300,48,11.0.0.1,11.0.0.2
1300,48,11.0.0.1,11.0.0.2
1300,52,11.0.0.1,11.0.0.25
1300,52,11.0.0.1,11.0.0.25
1300,52,11.0.0.1,11.0.0.25
1300,54,11.0.0.1,11.0.0.25
1300,54,11.0.0.1,11.0.0.25
1300,55,11.0.0.1,11.0.0.6
1300,55,11.0.0.1,11.0.0.6
1300,55,11.0.0.1,11.0.0.6
1300,56,11.0.0.1,11.0.0.15
1300,56,11.0.0.1,11.0.0.15
1300,63,11.0.0.1,11.0.0.6
1300,63,11.0.0.1,11.0.0.6
1300,65,11.0.0.1,11.0.0.6
1300,65,11.0.0.1,11.0.0.6
1300,67,11.0.0.1,11.0.0.15
1300,67,11.0.0.1,11.0.0.15
1300,67,11.0.0.1,11.0.0.15
1300,68,11.0.0.1,11.0.0.15
1300,68,11.0.0.1,11.0.0.15
1300,69,11.0.0.1,11.0.0.25
1300,69,11.0.0.1,11.0.0.25
1300,70,11.0.0.1,11.0.0.25
1300,70,11.0.0.1,11.0.0.25
1300,73,11.0.0.1,11.0.0.2
1300,73,11.0.0.1,11.0.0.2
1300,78,11.0.0.1,11.0.0.15
1300,78,11.0.0.1,11.0.0.15
1300,80,11.0.0.1,11.0.0.15
1300,80,11.0.0.1,11.0.0.15
1300,80,11.0.0.1,11.0.0.15
1300,82,11.0.0.1,11.0.0.25
1300,82,11.0.0.1,11.0.0.25
1300,82,11.0.0.1,11.0.0.25
1300,83,11.0.0.1,11.0.0.15
1300,85,11.0.0.1,11.0.0.25
1300,85,11.0.0.1,11.0.0.25
1300,86,11.0.0.1,11.0.0.15
1300,86,11.0.0.1,11.0.0.15
1300,86,11.0.0.1,11.0.0.15
1300,87,11.0.0.1,11.0.0.25
1300,87,11.0.0.1,11.0.0.25
1300,87,11.0.0.1,11.0.0.25
1300,88,11.0.0.1,11.0.0.25
1300,88,11.0.0.1,11.0.0.25
1300,89,11.0.0.1,11.0.0.2
1300,89,11.0.0.1,11.0.0.2
1300,93,11.0.0.1,11.0.0.25
1300,93,11.0.0.1,11.0.0.25
1300,94,11.0.0.1,11.0.0.6
1300,95,11.0.0.1,11.0.0.2
1300,95,11.0.0.1,11.0.0.2
1300,98,11.0.0.1,11.0.0.15
1300,98,11.0.0.1,11.0.0.15
1300,98,11.0.0.1,11.0.0.15
1300,99,11.0.0.1,11.0.0.2
1300,99,11.0.0.1,11.0.0.2
1300,100,11.0.0.1,11.0.0.25
1300,102,11.0.0.1,11.0.0.2
1300,102,11.0.0.1,11.0.0.2
1300,103,11.0.0.1,11.0.0.2
1300,104,11.0.0.1,11.0.0.2
1300,104,11.0.0.1,11.0.0.2
1300,105,11.0.0.1,11.0.0.6
1300,105,11.0.0.1,11.0.0.6
1300,108,11.0.0.1,11.0.0.2
1300,108,11.0.0.1,11.0.0.2
1300,109,11.0.0.1,11.0.0.6
1300,110,11.0.0.1,11.0.0.25
1300,110,11.0.0.1,11.0.0.25
1300,111,11.0.0.1,11.0.0.6
1300,111,11.0.0.1,11.0.0.6
1300,113,11.0.0.1,11.0.0.25
1300,113,11.0.0.1,11.0.0.25
1300,113,11.0.0.1,11.0.0.25
1300,114,11.0.0.1,11.0.0.6
1300,114,11.0.0.1,11.0.0.6
1300,114,11.0.0.1,11.0.0.6
1300,115,11.0.0.1,11.0.0.6
1300,115,11.0.0.1,11.0.0.6
1300,116,11.0.0.1,11.0.0.15
1300,116,11.0.0.1,11.0.0.15
1300,118,11.0.0.1,11.0.0.25
1300,118,11.0.0.1,11.0.0.25
1300,119,11.0.0.1,11.0.0.15
1300,119,11.0.0.1,11.0.0.15
1300,120,11.0.0.1,11.0.0.15
1300,123,11.0.0.1,11.0.0.2
1300,123,11.0.0.1,11.0.0.2
1300,123,11.0.0.1,11.0.0.2
1300,124,11.0.0.1,11.0.0.15
1300,124,11.0.0.1,11.0.0.15
1300,125,11.0.0.1,11.0.0.6
1300,125,11.0.0.1,11.0.0.6
1300,125,11.0.0.1,11.0.0.6
1300,128,11.0.0.1,11.0.0.15
1300,131,11.0.0.1,11.0.0.2
1300,131,11.0.0.1,11.0.0.2
1300,131,11.0.0.1,11.0.0.2
1300,132,11.0.0.1,11.0.0.25
1300,132,11.0.0.1,11.0.0.25
1300,133,11.0.0.1,11.0.0.2
1300,133,11.0.0.1,11.0.0.2
1300,133,11.0.0.1,11.0.0.2
1300,135,11.0.0.1,11.0.0.15
1300,135,11.0.0.1,11.0.0.15
1300,135,11.0.0.1,11.0.0.15
1300,139,11.0.0.1,11.0.0.2
1300,139,11.0.0.1,11.0.0.2
1300,140,11.0.0.1,11.0.0.15
1300,141,11.0.0.1,11.0.0.2
1300,143,11.0.0.1,11.0.0.6
1300,143,11.0.0.1,11.0.0.6
1300,145,11.0.0.1,11.0.0.6
1300,145,11.0.0.1,11.0.0.6
1300,145,11.0.0.1,11.0.0.6
1300,146,11.0.0.1,11.0.0.6
1300,146,11.0.0.1,11.0.0.6
1300,147,11.0.0.1,11.0.0.2
1300,147,11.0.0.1,11.0.0.2
1300,149,11.0.0.1,11.0.0.6
1300,149,11.0.0.1,11.0.0.6
1300,149,11.0.0.1,11.0.0.6
1300,151,11.0.0.1,11.0.0.25
1300,151,11.0.0.1,11.0.0.25
1300,152,11.0.0.1,11.0.0.6
1300,152,11.0.0.1,11.0.0.6
1300,152,11.0.0.1,11.0.0.6
1300,154,11.0.0.1,11.0.0.2
1300,155,11.0.0.1,11.0.0.6
1300,155,11.0.0.1,11.0.0.6
1300,155,11.0.0.1,11.0.0.6
1300,156,11.0.0.1,11.0.0.25
1300,156,11.0.0.1,11.0.0.25
1300,158,11.0.0.1,11.0.0.6
1300,158,11.0.0.1,11.0.0.6
1300,159,11.0.0.1,11.0.0.25
1300,159,11.0.0.1,11.0.0.25
1300,160,11.0.0.1,11.0.0.15
1300,160,11.0.0.1,11.0.0.15
1300,161,11.0.0.1,11.0.0.15
1300,161,11.0.0.1,11.0.0.15
1300,161,11.0.0.1,11.0.0.15
1300,162,11.0.0.1,11.0.0.25
1300,162,11.0.0.1,11.0.0.25
1300,163,11.0.0.1,11.0.0.25
1300,163,11.0.0.1,11.0.0.25
1300,165,11.0.0.1,11.0.0.2
1300,165,11.0.0.1,11.0.0.2
1300,165,11.0.0.1,11.0.0.2
1300,166,11.0.0.1,11.0.0.2
1300,166,11.0.0.1,11.0.0.2
1300,167,11.0.0.1,11.0.0.25
1300,167,11.0.0.1,11.0.0.25
1300,169,11.0.0.1,11.0.0.15
1300,170,11.0.0.1,11.0.0.15
1300,170,11.0.0.1,11.0.0.15
1300,172,11.0.0.1,11.0.0.2
1300,172,11.0.0.1,11.0.0.2
1300,172,11.0.0.1,11.0.0.2
1300,173,11.0.0.1,11.0.0.2
1300,173,11.0.0.1,11.0.0.2
1300,173,11.0.0.1,11.0.0.2
1300,177,11.0.0.1,11.0.0.6
1300,177,11.0.0.1,11.0.0.6
1300,177,11.0.0.1,11.0.0.6
1300,178,11.0.0.1,11.0.0.2
1300,178,11.0.0.1,11.0.0.2
1300,179,11.0.0.1,11.0.0.15
1300,179,11.0.0.1,11.0.0.15
1300,179,11.0.0.1,11.0.0.15
1300,181,11.0.0.1,11.0.0.15
1300,181,11.0.0.1,11.0.0.15
1300,182,11.0.0.1,11.0.0.25
1300,186,11.0.0.1,11.0.0.6
1300,188,11.0.0.1,11.0.0.6
1300,189,11.0.0.1,11.0.0.25
1300,191,11.0.0.1,11.0.0.25
1300,192,11.0.0.1,11.0.0.2
1300,192,11.0.0.1,11.0.0.2
1300,193,11.0.0.1,11.0.0.2
1300,193,11.0.0.1,11.0.0.2
1300,194,11.0.0.1,11.0.0.6
1300,194,11.0.0.1,11.0.0.6
1300,201,11.0.0.1,11.0.0.2
1300,201,11.0.0.1,11.0.0.2
1300,202,11.0.0.1,11.0.0.15
1300,202,11.0.0.1,11.0.0.15
1300,204,11.0.0.1,11.0.0.6
1300,204,11.0.0.1,11.0.0.6
1300,204,11.0.0.1,11.0.0.6
1300,206,11.0.0.1,11.0.0.6
1300,206,11.0.0.1,11.0.0.6
1300,206,11.0.0.1,11.0.0.6
1300,208,11.0.0.1,11.0.0.6
1300,208,11.0.0.1,11.0.0.6
1300,209,11.0.0.1,11.0.0.15
1300,209,11.0.0.1,11.0.0.15
1300,209,11.0.0.1,11.0.0.15
1300,210,11.0.0.1,11.0.0.15
1300,213,11.0.0.1,11.0.0.15
1300,214,11.0.0.1,11.0.0.6
1300,214,11.0.0.1,11.0.0.6
1300,217,11.0.0.1,11.0.0.25
1300,217,11.0.0.1,11.0.0.25
1300,218,11.0.0.1,11.0.0.25
1300,218,11.0.0.1,11.0.0.25
1300,219,11.0.0.1,11.0.0.15
1300,219,11.0.0.1,11.0.0.15
1300,220,11.0.0.1,11.0.0.6
1300,220,11.0.0.1,11.0.0.6
1300,220,11.0.0.1,11.0.0.6
1300,221,11.0.0.1,11.0.0.15
1300,221,11.0.0.1,11.0.0.15
1300,221,11.0.0.1,11.0.0.15
1300,223,11.0.0.1,11.0.0.2
1300,224,11.0.0.1,11.0.0.6
1300,224,11.0.0.1,11.0.0.6
1300,225,11.0.0.1,11.0.0.6
1300,225,11.0.0.1,11.0.0.6
1300,225,11.0.0.1,11.0.0.6
1300,227,11.0.0.1,11.0.0.2
1300,227,11.0.0.1,11.0.0.2
1300,228,11.0.0.1,11.0.0.6
1300,230,11.0.0.1,11.0.0.15
1300,230,11.0.0.1,11.0.0.15
1300,230,11.0.0.1,11.0.0.15
1300,231,11.0.0.1,11.0.0.6
1300,234,11.0.0.1,11.0.0.15
1300,234,11.0.0.1,11.0.0.15
1300,236,11.0.0.1,11.0.0.2
1300,236,11.0.0.1,11.0.0.2
1300,239,11.0.0.1,11.0.0.2
1300,239,11.0.0.1,11.0.0.2
1300,241,11.0.0.1,11.0.0.6
1300,246,11.0.0.1,11.0.0.15
1300,247,11.0.0.1,11.0.0.25
1300,247,11.0.0.1,11.0.0.25
1300,248,11.0.0.1,11.0.0.6
1300,249,11.0.0.1,11.0.0.25
1300,253,11.0.0.1,11.0.0.25
1300,253,11.0.0.1,11.0.0.25
1300,253,11.0.0.1,11.0.0.25
1300,255,11.0.0.1,11.0.0.2
1300,255,11.0.0.1,11.0.0.2
1300,257,11.0.0.1,11.0.0.6
1300,257,11.0.0.1,11.0.0.6
1300,257,11.0.0.1,11.0.0.6
1300,258,11.0.0.1,11.0.0.2
1300,258,11.0.0.1,11.0.0.2
1300,258,11.0.0.1,11.0.0.2
1300,261,11.0.0.1,11.0.0.25
1300,262,11.0.0.1,11.0.0.15
1300,262,11.0.0.1,11.0.0.15
1300,263,11.0.0.1,11.0.0.25
1300,263,11.0.0.1,11.0.0.25
1300,264,11.0.0.1,11.0.0.2
1300,264,11.0.0.1,11.0.0.2
1300,266,11.0.0.1,11.0.0.6
1300,273,11.0.0.1,11.0.0.25
1300,273,11.0.0.1,11.0.0.25
1300,274,11.0.0.1,11.0.0.2
1300,274,11.0.0.1,11.0.0.2
1300,275,11.0.0.1,11.0.0.25
1300,275,11.0.0.1,11.0.0.25
1300,275,11.0.0.1,11.0.0.25
1300,276,11.0.0.1,11.0.0.15
1300,276,11.0.0.1,11.0.0.15
1300,276,11.0.0.1,11.0.0.15
1300,280,11.0.0.1,11.0.0.6
1300,281,11.0.0.1,11.0.0.2
1300,281,11.0.0.1,11.0.0.2
1300,285,11.0.0.1,11.0.0.2
1300,285,11.0.0.1,11.0.0.2
1300,286,11.0.0.1,11.0.0.25
1300,286,11.0.0.1,11.0.0.25
1300,286,11.0.0.1,11.0.0.25
1300,287,11.0.0.1,11.0.0.6
1300,287,11.0.0.1,11.0.0.6
1300,287,11.0.0.1,11.0.0.6
1300,289,11.0.0.1,11.0.0.25
1300,289,11.0.0.1,11.0.0.25
1300,290,11.0.0.1,11.0.0.2
1300,290,11.0.0.1,11.0.0.2
1300,294,11.0.0.1,11.0.0.2
1300,294,11.0.0.1,11.0.0.2
1300,295,11.0.0.1,11.0.0.25
1300,298,11.0.0.1,11.0.0.2
1300,298,11.0.0.1,11.0.0.2
1300,300,11.0.0.1,11.0.0.6
1300,302,11.0.0.1,11.0.0.2
1300,302,11.0.0.1,11.0.0.2
1300,302,11.0.0.1,11.0.0.2
1300,303,11.0.0.1,11.0.0.2
1300,303,11.0.0.1,11.0.0.2
1300,303,11.0.0.1,11.0.0.2
1300,305,11.0.0.1,11.0.0.15
1300,305,11.0.0.1,11.0.0.15
1300,305,11.0.0.1,11.0.0.15
1300,306,11.0.0.1,11.0.0.25
1300,306,11.0.0.1,11.0.0.25
1300,310,11.0.0.1,11.0.0.6
1300,312,11.0.0.1,11.0.0.2
1300,314,11.0.0.1,11.0.0.2
1300,314,11.0.0.1,11.0.0.2
1300,315,11.0.0.1,11.0.0.15
1300,315,11.0.0.1,11.0.0.15
1300,315,11.0.0.1,11.0.0.15
1300,316,11.0.0.1,11.0.0.6
1300,321,11.0.0.1,11.0.0.6
1300,321,11.0.0.1,11.0.0.6
1300,322,11.0.0.1,11.0.0.2
1300,322,11.0.0.1,11.0.0.2
1300,322,11.0.0.1,11.0.0.2
1300,324,11.0.0.1,11.0.0.25
1300,329,11.0.0.1,11.0.0.2
1300,329,11.0.0.1,11.0.0.2
1300,331,11.0.0.1,11.0.0.25
1300,332,11.0.0.1,11.0.0.15
1300,332,11.0.0.1,11.0.0.15
1300,332,11.0.0.1,11.0.0.15
1300,335,11.0.0.1,11.0.0.2
1300,337,11.0.0.1,11.0.0.15
1300,337,11.0.0.1,11.0.0.15
1300,338,11.0.0.1,11.0.0.15
1300,338,11.0.0.1,11.0.0.15
1300,338,11.0.0.1,11.0.0.15
1300,339,11.0.0.1,11.0.0.2
1300,339,11.0.0.1,11.0.0.2
1300,341,11.0.0.1,11.0.0.6
1300,341,11.0.0.1,11.0.0.6
1300,342,11.0.0.1,11.0.0.25
1300,342,11.0.0.1,11.0.0.25
1300,342,11.0.0.1,11.0.0.25
1300,343,11.0.0.1,11.0.0.2
1300,343,11.0.0.1,11.0.0.2
1300,343,11.0.0.1,11.0.0.2
1300,347,11.0.0.1,11.0.0.6
1300,347,11.0.0.1,11.0.0.6
1300,347,11.0.0.1,11.0.0.6
1300,349,11.0.0.1,11.0.0.2
1300,349,11.0.0.1,11.0.0.2
1300,350,11.0.0.1,11.0.0.15
1300,351,11.0.0.1,11.0.0.6
1300,351,11.0.0.1,11.0.0.6
1300,351,11.0.0.1,11.0.0.6
1300,353,11.0.0.1,11.0.0.25
1300,353,11.0.0.1,11.0.0.25
1300,357,11.0.0.1,11.0.0.15
1300,357,11.0.0.1,11.0.0.15
1300,358,11.0.0.1,11.0.0.6
1300,358,11.0.0.1,11.0.0.6
1300,362,11.0.0.1,11.0.0.25
1300,362,11.0.0.1,11.0.0.25
1300,363,11.0.0.1,11.0.0.25
1300,363,11.0.0.1,11.0.0.25
1300,365,11.0.0.1,11.0.0.15
1300,365,11.0.0.1,11.0.0.15
1300,365,11.0.0.1,11.0.0.15
1300,367,11.0.0.1,11.0.0.6
1300,367,11.0.0.1,11.0.0.6
1300,368,11.0.0.1,11.0.0.6
1300,368,11.0.0.1,11.0.0.6
1300,368,11.0.0.1,11.0.0.6
1300,369,11.0.0.1,11.0.0.2
1300,370,11.0.0.1,11.0.0.2
1300,373,11.0.0.1,11.0.0.6
1300,373,11.0.0.1,11.0.0.6
1300,374,11.0.0.1,11.0.0.15
1300,374,11.0.0.1,11.0.0.15
1300,374,11.0.0.1,11.0.0.15
1300,378,11.0.0.1,11.0.0.2
1300,378,11.0.0.1,11.0.0.2
1300,381,11.0.0.1,11.0.0.15
1300,381,11.0.0.1,11.0.0.15
1300,383,11.0.0.1,11.0.0.15
1300,383,11.0.0.1,11.0.0.15
1300,384,11.0.0.1,11.0.0.6
1300,384,11.0.0.1,11.0.0.6
1300,384,11.0.0.1,11.0.0.6
1300,385,11.0.0.1,11.0.0.25
1300,385,11.0.0.1,11.0.0.25
1300,388,11.0.0.1,11.0.0.15
1300,388,11.0.0.1,11.0.0.15
1300,392,11.0.0.1,11.0.0.6
1300,392,11.0.0.1,11.0.0.6
1300,392,11.0.0.1,11.0.0.6
1300,394,11.0.0.1,11.0.0.2
1300,394,11.0.0.1,11.0.0.2
1300,396,11.0.0.1,11.0.0.15
1300,396,11.0.0.1,11.0.0.15
1300,396,11.0.0.1,11.0.0.15
1300,397,11.0.0.1,11.0.0.15
1300,397,11.0.0.1,11.0.0.15
1300,397,11.0.0.1,11.0.0.15
1300,401,11.0.0.1,11.0.0.2
1300,401,11.0.0.1,11.0.0.2
1300,405,11.0.0.1,11.0.0.6
1300,405,11.0.0.1,11.0.0.6
1300,407,11.0.0.1,11.0.0.15
1300,407,11.0.0.1,11.0.0.15
1300,413,11.0.0.1,11.0.0.6
1300,415,11.0.0.1,11.0.0.15
1300,415,11.0.0.1,11.0.0.15
1300,415,11.0.0.1,11.0.0.15
1300,416,11.0.0.1,11.0.0.6
1300,416,11.0.0.1,11.0.0.6
1300,419,11.0.0.1,11.0.0.25
1300,419,11.0.0.1,11.0.0.25
1300,419,11.0.0.1,11.0.0.25
1300,422,11.0.0.1,11.0.0.15
1300,422,11.0.0.1,11.0.0.15
1300,422,11.0.0.1,11.0.0.15
1300,423,11.0.0.1,11.0.0.6
1300,423,11.0.0.1,11.0.0.6
1300,424,11.0.0.1,11.0.0.6
1300,424,11.0.0.1,11.0.0.6
1300,425,11.0.0.1,11.0.0.15
1300,425,11.0.0.1,11.0.0.15
1300,425,11.0.0.1,11.0.0.15
1300,426,11.0.0.1,11.0.0.15
1300,426,11.0.0.1,11.0.0.15
1300,429,11.0.0.1,11.0.0.25
1300,429,11.0.0.1,11.0.0.25
1300,429,11.0.0.1,11.0.0.25
1300,433,11.0.0.1,11.0.0.6
1300,433,11.0.0.1,11.0.0.6
1300,434,11.0.0.1,11.0.0.6
1300,434,11.0.0.1,11.0.0.6
1300,434,11.0.0.1,11.0.0.6
1300,436,11.0.0.1,11.0.0.15
1300,439,11.0.0.1,11.0.0.15
1300,442,11.0.0.1,11.0.0.6
1300,442,11.0.0.1,11.0.0.6
1300,445,11.0.0.1,11.0.0.6
1300,445,11.0.0.1,11.0.0.6
1300,445,11.0.0.1,11.0.0.6
1300,453,11.0.0.1,11.0.0.6
1300,453,11.0.0.1,11.0.0.6
1300,454,11.0.0.1,11.0.0.6
1300,456,11.0.0.1,11.0.0.6
1300,456,11.0.0.1,11.0.0.6
1300,457,11.0.0.1,11.0.0.15
1300,457,11.0.0.1,11.0.0.15
1300,460,11.0.0.1,11.0.0.6
1300,463,11.0.0.1,11.0.0.25
1300,463,11.0.0.1,11.0.0.25
1300,463,11.0.0.1,11.0.0.25
1300,465,11.0.0.1,11.0.0.15
1300,467,11.0.0.1,11.0.0.2
1300,468,11.0.0.1,11.0.0.6
1300,468,11.0.0.1,11.0.0.6
1300,468,11.0.0.1,11.0.0.6
1300,469,11.0.0.1,11.0.0.15
1300,469,11.0.0.1,11.0.0.15
1300,470,11.0.0.1,11.0.0.15
1300,470,11.0.0.1,11.0.0.15
1300,471,11.0.0.1,11.0.0.6
1300,471,11.0.0.1,11.0.0.6
1300,474,11.0.0.1,11.0.0.2
1300,474,11.0.0.1,11.0.0.2
1300,474,11.0.0.1,11.0.0.2
1300,475,11.0.0.1,11.0.0.25
1300,475,11.0.0.1,11.0.0.25
1300,475,11.0.0.1,11.0.0.25
1300,479,11.0.0.1,11.0.0.15
1300,479,11.0.0.1,11.0.0.15
1300,479,11.0.0.1,11.0.0.15
1300,481,11.0.0.1,11.0.0.2
1300,481,11.0.0.1,11.0.0.2
1300,482,11.0.0.1,11.0.0.6
1300,482,11.0.0.1,11.0.0.6
1300,482,11.0.0.1,11.0.0.6
1300,488,11.0.0.1,11.0.0.25
1300,488,11.0.0.1,11.0.0.25
1300,491,11.0.0.1,11.0.0.15
1300,493,11.0.0.1,11.0.0.25
1300,493,11.0.0.1,11.0.0.25
1300,494,11.0.0.1,11.0.0.15
1300,495,11.0.0.1,11.0.0.25
1300,496,11.0.0.1,11.0.0.15
1300,496,11.0.0.1,11.0.0.15
1300,496,11.0.0.1,11.0.0.15
1300,499,11.0.0.1,11.0.0.6
1300,499,11.0.0.1,11.0.0.6
1300,499,11.0.0.1,11.0.0.6
1300,501,11.0.0.1,11.0.0.25
1300,501,11.0.0.1,11.0.0.25
1300,501,11.0.0.1,11.0.0.25
1300,502,11.0.0.1,11.0.0.15
1300,502,11.0.0.1,11.0.0.15
1300,503,11.0.0.1,11.0.0.6
1300,503,11.0.0.1,11.0.0.6
1300,504,11.0.0.1,11.0.0.2
1300,504,11.0.0.1,11.0.0.2
1300,504,11.0.0.1,11.0.0.2
1300,505,11.0.0.1,11.0.0.25
1300,505,11.0.0.1,11.0.0.25
1300,507,11.0.0.1,11.0.0.2
1300,507,11.0.0.1,11.0.0.2
1300,509,11.0.0.1,11.0.0.25
1300,509,11.0.0.1,11.0.0.25
1300,512,11.0.0.1,11.0.0.6
1300,512,11.0.0.1,11.0.0.6
1300,513,11.0.0.1,11.0.0.2
1300,513,11.0.0.1,11.0.0.2
1300,514,11.0.0.1,11.0.0.15
1300,514,11.0.0.1,11.0.0.15
1300,518,11.0.0.1,11.0.0.25
1300,518,11.0.0.1,11.0.0.25
1300,519,11.0.0.1,11.0.0.2
1300,519,11.0.0.1,11.0.0.2
1300,520,11.0.0.1,11.0.0.6
1300,520,11.0.0.1,11.0.0.6
1300,521,11.0.0.1,11.0.0.15
1300,521,11.0.0.1,11.0.0.15
1300,526,11.0.0.1,11.0.0.25
1300,526,11.0.0.1,11.0.0.25
1300,527,11.0.0.1,11.0.0.2
1300,529,11.0.0.1,11.0.0.6
1300,529,11.0.0.1,11.0.0.6
1300,529,11.0.0.1,11.0.0.6
1300,531,11.0.0.1,11.0.0.2
1300,531,11.0.0.1,11.0.0.2
1300,532,11.0.0.1,11.0.0.25
1300,532,11.0.0.1,11.0.0.25
1300,533,11.0.0.1,11.0.0.25
1300,533,11.0.0.1,11.0.0.25
1300,533,11.0.0.1,11.0.0.25
1300,534,11.0.0.1,11.0.0.25
1300,535,11.0.0.1,11.0.0.25
1300,535,11.0.0.1,11.0.0.25
1300,537,11.0.0.1,11.0.0.6
1300,544,11.0.0.1,11.0.0.15
1300,544,11.0.0.1,11.0.0.15
1300,544,11.0.0.1,11.0.0.15
1300,549,11.0.0.1,11.0.0.25
1300,549,11.0.0.1,11.0.0.25
1300,552,11.0.0.1,11.0.0.2
1300,554,11.0.0.1,11.0.0.6
1300,554,11.0.0.1,11.0.0.6
1300,555,11.0.0.1,11.0.0.6
1300,556,11.0.0.1,11.0.0.2
1300,556,11.0.0.1,11.0.0.2
1300,557,11.0.0.1,11.0.0.2
1300,557,11.0.0.1,11.0.0.2
1300,560,11.0.0.1,11.0.0.15
1300,560,11.0.0.1,11.0.0.15
1300,562,11.0.0.1,11.0.0.2
1300,563,11.0.0.1,11.0.0.15
1300,563,11.0.0.1,11.0.0.15
1300,566,11.0.0.1,11.0.0.15
1300,566,11.0.0.1,11.0.0.15
1300,567,11.0.0.1,11.0.0.25
1300,567,11.0.0.1,11.0.0.25
1300,567,11.0.0.1,11.0.0.25
1300,569,11.0.0.1,11.0.0.15
1300,569,11.0.0.1,11.0.0.15
1300,577,11.0.0.1,11.0.0.25
1300,577,11.0.0.1,11.0.0.25
1300,578,11.0.0.1,11.0.0.15
1300,578,11.0.0.1,11.0.0.15
1300,581,11.0.0.1,11.0.0.2
1300,581,11.0.0.1,11.0.0.2
1300,582,11.0.0.1,11.0.0.25
1300,582,11.0.0.1,11.0.0.25
1300,584,11.0.0.1,11.0.0.25
1300,584,11.0.0.1,11.0.0.25
1300,584,11.0.0.1,11.0.0.25
1300,585,11.0.0.1,11.0.0.25
1300,585,11.0.0.1,11.0.0.25
1300,586,11.0.0.1,11.0.0.6
1300,588,11.0.0.1,11.0.0.2
1300,588,11.0.0.1,11.0.0.2
1300,588,11.0.0.1,11.0.0.2
1300,589,11.0.0.1,11.0.0.15
1300,589,11.0.0.1,11.0.0.15
1300,594,11.0.0.1,11.0.0.15
1300,594,11.0.0.1,11.0.0.15
1300,596,11.0.0.1,11.0.0.25
1300,596,11.0.0.1,11.0.0.25
1300,597,11.0.0.1,11.0.0.6
1300,597,11.0.0.1,11.0.0.6
1300,597,11.0.0.1,11.0.0.6
1300,599,11.0.0.1,11.0.0.25
1300,600,11.0.0.1,11.0.0.2
1300,600,11.0.0.1,11.0.0.2
1300,600,11.0.0.1,11.0.0.2
1300,601,11.0.0.1,11.0.0.6
1300,601,11.0.0.1,11.0.0.6
1300,602,11.0.0.1,11.0.0.15
1300,603,11.0.0.1,11.0.0.25
1300,603,11.0.0.1,11.0.0.25
1300,604,11.0.0.1,11.0.0.15
1300,604,11.0.0.1,11.0.0.15
1300,606,11.0.0.1,11.0.0.6
1300,606,11.0.0.1,11.0.0.6
1300,609,11.0.0.1,11.0.0.25
1300,611,11.0.0.1,11.0.0.15
1300,611,11.0.0.1,11.0.0.15
1300,613,11.0.0.1,11.0.0.6
1300,613,11.0.0.1,11.0.0.6
1300,613,11.0.0.1,11.0.0.6
1300,616,11.0.0.1,11.0.0.6
1300,617,11.0.0.1,11.0.0.15
1300,617,11.0.0.1,11.0.0.15
1300,617,11.0.0.1,11.0.0.15
1300,618,11.0.0.1,11.0.0.6
1300,618,11.0.0.1,11.0.0.6
1300,621,11.0.0.1,11.0.0.6
1300,621,11.0.0.1,11.0.0.6
1300,622,11.0.0.1,11.0.0.25
1300,622,11.0.0.1,11.0.0.25
1300,623,11.0.0.1,11.0.0.15
1300,623,11.0.0.1,11.0.0.15
1300,623,11.0.0.1,11.0.0.15
1300,624,11.0.0.1,11.0.0.25
1300,624,11.0.0.1,11.0.0.25
1300,624,11.0.0.1,11.0.0.25
1300,625,11.0.0.1,11.0.0.15
1300,625,11.0.0.1,11.0.0.15
1300,626,11.0.0.1,11.0.0.15
1300,626,11.0.0.1,11.0.0.15
1300,629,11.0.0.1,11.0.0.6
1300,629,11.0.0.1,11.0.0.6
1300,629,11.0.0.1,11.0.0.6
1300,633,11.0.0.1,11.0.0.6
1300,633,11.0.0.1,11.0.0.6
1300,634,11.0.0.1,11.0.0.15
1300,634,11.0.0.1,11.0.0.15
1300,636,11.0.0.1,11.0.0.15
1300,637,11.0.0.1,11.0.0.25
1300,637,11.0.0.1,11.0.0.25
1300,637,11.0.0.1,11.0.0.25
1300,638,11.0.0.1,11.0.0.25
1300,638,11.0.0.1,11.0.0.25
1300,639,11.0.0.1,11.0.0.6
1300,643,11.0.0.1,11.0.0.6
1300,643,11.0.0.1,11.0.0.6
1300,643,11.0.0.1,11.0.0.6
1300,645,11.0.0.1,11.0.0.25
1300,645,11.0.0.1,11.0.0.25
1300,647,11.0.0.1,11.0.0.2
1300,647,11.0.0.1,11.0.0.2
1300,647,11.0.0.1,11.0.0.2
1300,648,11.0.0.1,11.0.0.6
1300,648,11.0.0.1,11.0.0.6
1300,648,11.0.0.1,11.0.0.6
1300,650,11.0.0.1,11.0.0.6
1300,650,11.0.0.1,11.0.0.6
1300,652,11.0.0.1,11.0.0.25
1300,652,11.0.0.1,11.0.0.25
1300,653,11.0.0.1,11.0.0.15
1300,653,11.0.0.1,11.0.0.15
1300,653,11.0.0.1,11.0.0.15
1300,659,11.0.0.1,11.0.0.2
1300,659,11.0.0.1,11.0.0.2
1300,661,11.0.0.1,11.0.0.15
1300,661,11.0.0.1,11.0.0.15
1300,663,11.0.0.1,11.0.0.6
1300,663,11.0.0.1,11.0.0.6
1300,665,11.0.0.1,11.0.0.25
1300,666,11.0.0.1,11.0.0.2
1300,666,11.0.0.1,11.0.0.2
1300,677,11.0.0.1,11.0.0.6
1300,679,11.0.0.1,11.0.0.15
1300,679,11.0.0.1,11.0.0.15
1300,679,11.0.0.1,11.0.0.15
1300,680,11.0.0.1,11.0.0.6
1300,680,11.0.0.1,11.0.0.6
1300,681,11.0.0.1,11.0.0.2
1300,681,11.0.0.1,11.0.0.2
1300,681,11.0.0.1,11.0.0.2
1300,682,11.0.0.1,11.0.0.25
1300,682,11.0.0.1,11.0.0.25
1300,684,11.0.0.1,11.0.0.25
1300,684,11.0.0.1,11.0.0.25
1300,687,11.0.0.1,11.0.0.15
1300,687,11.0.0.1,11.0.0.15
1300,687,11.0.0.1,11.0.0.15
1300,688,11.0.0.1,11.0.0.15
1300,688,11.0.0.1,11.0.0.15
1300,689,11.0.0.1,11.0.0.2
1300,689,11.0.0.1,11.0.0.2
1300,690,11.0.0.1,11.0.0.15
1300,690,11.0.0.1,11.0.0.15
1300,696,11.0.0.1,11.0.0.15
1300,697,11.0.0.1,11.0.0.15
1300,697,11.0.0.1,11.0.0.15
1300,697,11.0.0.1,11.0.0.15
1300,701,11.0.0.1,11.0.0.15
1300,701,11.0.0.1,11.0.0.15
1300,707,11.0.0.1,11.0.0.2
1300,708,11.0.0.1,11.0.0.6
1300,710,11.0.0.1,11.0.0.15
1300,710,11.0.0.1,11.0.0.15
1300,710,11.0.0.1,11.0.0.15
1300,712,11.0.0.1,11.0.0.15
1300,712,11.0.0.1,11.0.0.15
1300,713,11.0.0.1,11.0.0.2
1300,715,11.0.0.1,11.0.0.2
1300,715,11.0.0.1,11.0.0.2
1300,716,11.0.0.1,11.0.0.6
1300,718,11.0.0.1,11.0.0.6
1300,718,11.0.0.1,11.0.0.6
1300,718,11.0.0.1,11.0.0.6
1300,719,11.0.0.1,11.0.0.6
1300,720,11.0.0.1,11.0.0.2
1300,721,11.0.0.1,11.0.0.6
1300,721,11.0.0.1,11.0.0.6
1300,722,11.0.0.1,11.0.0.2
1300,722,11.0.0.1,11.0.0.2
1300,724,11.0.0.1,11.0.0.15
1300,725,11.0.0.1,11.0.0.25
1300,725,11.0.0.1,11.0.0.25
1300,727,11.0.0.1,11.0.0.15
1300,727,11.0.0.1,11.0.0.15
1300,730,11.0.0.1,11.0.0.25
1300,730,11.0.0.1,11.0.0.25
1300,731,11.0.0.1,11.0.0.2
1300,731,11.0.0.1,11.0.0.2
1300,731,11.0.0.1,11.0.0.2
1300,733,11.0.0.1,11.0.0.25
1300,734,11.0.0.1,11.0.0.6
1300,735,11.0.0.1,11.0.0.25
1300,735,11.0.0.1,11.0.0.25
1300,737,11.0.0.1,11.0.0.25
1300,738,11.0.0.1,11.0.0.25
1300,738,11.0.0.1,11.0.0.25
1300,739,11.0.0.1,11.0.0.6
1300,740,11.0.0.1,11.0.0.6
1300,744,11.0.0.1,11.0.0.2
1300,744,11.0.0.1,11.0.0.2
1300,745,11.0.0.1,11.0.0.25
1300,745,11.0.0.1,11.0.0.25
1300,747,11.0.0.1,11.0.0.25
1300,748,11.0.0.1,11.0.0.25
1300,748,11.0.0.1,11.0.0.25
1300,749,11.0.0.1,11.0.0.25
1300,749,11.0.0.1,11.0.0.25
1300,751,11.0.0.1,11.0.0.25
1300,751,11.0.0.1,11.0.0.25
1300,751,11.0.0.1,11.0.0.25
1300,754,11.0.0.1,11.0.0.6
1300,754,11.0.0.1,11.0.0.6
1300,755,11.0.0.1,11.0.0.2
1300,755,11.0.0.1,11.0.0.2
1300,757,11.0.0.1,11.0.0.2
1300,757,11.0.0.1,11.0.0.2
1300,759,11.0.0.1,11.0.0.15
1300,759,11.0.0.1,11.0.0.15
1300,759,11.0.0.1,11.0.0.15
1300,762,11.0.0.1,11.0.0.2
1300,762,11.0.0.1,11.0.0.2
1300,769,11.0.0.1,11.0.0.15
1300,769,11.0.0.1,11.0.0.15
1300,770,11.0.0.1,11.0.0.25
1300,770,11.0.0.1,11.0.0.25
1300,771,11.0.0.1,11.0.0.6
1300,771,11.0.0.1,11.0.0.6
1300,772,11.0.0.1,11.0.0.2
1300,773,11.0.0.1,11.0.0.6
1300,773,11.0.0.1,11.0.0.6
1300,775,11.0.0.1,11.0.0.6
1300,775,11.0.0.1,11.0.0.6
1300,778,11.0.0.1,11.0.0.6
1300,778,11.0.0.1,11.0.0.6
1300,778,11.0.0.1,11.0.0.6
1300,780,11.0.0.1,11.0.0.2
1300,782,11.0.0.1,11.0.0.25
1300,782,11.0.0.1,11.0.0.25
1300,785,11.0.0.1,11.0.0.15
1300,785,11.0.0.1,11.0.0.15
1300,785,11.0.0.1,11.0.0.15
1300,789,11.0.0.1,11.0.0.6
1300,789,11.0.0.1,11.0.0.6
1300,790,11.0.0.1,11.0.0.6
1300,791,11.0.0.1,11.0.0.15
1300,791,11.0.0.1,11.0.0.15
1300,791,11.0.0.1,11.0.0.15
1300,793,11.0.0.1,11.0.0.2
